,times,train_loss,test_loss,train_acc,test_acc,eta
0,1.4864544258452952,0.560681621679843,0.5598220272869455,73.05107142857143,73.12285714285714,0.0861773876012753
1,1.5979691408574581,0.35283117999000335,0.3511302451363898,84.42321428571428,84.46142857142857,0.0861773876012753
2,1.6031143749132752,0.24320417586860296,0.24034517938228148,91.07035714285715,91.10857142857142,0.0861773876012753
3,1.5257753659971058,0.21605927874513098,0.2117359279098636,92.27892857142857,92.35428571428571,0.0861773876012753
4,1.4897613348439336,0.2095328885436843,0.20309162537657074,92.56285714285714,92.63571428571429,0.0861773876012753
5,1.6372151211835444,0.4276283101293714,0.4156285642447385,85.185,85.18285714285715,0.0861773876012753
6,1.7166182193905115,0.21486152010792914,0.20723874345724932,92.38464285714286,92.46857142857142,0.0861773876012753
7,1.5927106202580035,0.2087198799468712,0.20103812188054304,92.62821428571428,92.72714285714285,0.0861773876012753
8,1.6559110349044204,0.20842942088756639,0.20076289161465086,92.6675,92.73857142857143,0.0861773876012753
9,1.7297032098285854,0.20826821515774757,0.20047944079995128,92.64928571428571,92.72571428571429,0.0861773876012753
10,1.8556566229090095,0.20822972948693894,0.20035501079121487,92.64321428571428,92.74428571428571,0.0861773876012753
11,1.7610429082997143,inf,inf,79.25,79.26428571428572,0.0861773876012753
12,1.742460099980235,inf,inf,87.79178571428571,87.9557142857143,0.0861773876012753
13,1.8741364451125264,0.34409180601866757,0.322122544036737,90.91464285714285,91.05,0.0861773876012753
14,1.7585362722165883,0.23110018155541776,0.21980850195853446,92.14607142857143,92.29285714285714,0.0861773876012753
15,1.6600790787488222,0.21710506465635973,0.20806874174705664,92.48892857142857,92.61714285714285,0.0861773876012753
16,1.6652443367056549,0.21507627553768735,0.20555511644979022,92.33214285714286,92.43285714285715,0.0861773876012753
17,1.7413105312734842,0.25650971276560797,0.2428804192477686,92.00571428571429,92.19,0.0861773876012753
18,1.7573614879511297,0.3356273458911535,0.3152774128774976,90.57392857142857,90.79714285714286,0.0861773876012753
19,1.685688508208841,0.2101585178791264,0.20146869816817123,92.71714285714286,92.81,0.0861773876012753
20,1.6606845390051603,0.20821784975542806,0.20037899245895316,92.65,92.74285714285715,0.0861773876012753
