,times,train_loss,test_loss,train_acc,test_acc,eta
0,1.4553270330652595,0.6235733870533006,0.623187293823335,61.316785714285714,61.354285714285716,0.023979370012757645
1,1.4721596948802471,0.4790627476385033,0.477804122596921,75.67035714285714,75.62714285714286,0.023979370012757645
2,1.5926145850680768,0.29860190245010215,0.2964783795197423,88.59392857142858,88.61,0.023979370012757645
3,1.6607537502422929,0.26287803722982994,0.25989130066651783,90.32071428571429,90.37571428571428,0.023979370012757645
4,1.5654135141521692,0.22501627802196994,0.22156703300832736,91.92,91.95285714285714,0.023979370012757645
5,1.5404871362261474,0.21361159911610988,0.20853052788476395,92.37892857142857,92.44714285714286,0.023979370012757645
6,1.571544538717717,0.211403566558145,0.20544005657250378,92.48928571428571,92.57714285714286,0.023979370012757645
7,1.627561813686043,0.20906374086811405,0.202134526086097,92.62607142857144,92.71285714285715,0.023979370012757645
8,1.6221757689490914,0.2086140639119019,0.20115339929227594,92.67857142857143,92.75,0.023979370012757645
9,1.8435498042963445,0.2083467021949531,0.20058387435275513,92.66071428571429,92.73714285714286,0.023979370012757645
10,1.668391668703407,0.2082192463597288,0.20036901622540765,92.65357142857142,92.73,0.023979370012757645
