,times,train_loss,test_loss,train_acc,test_acc,eta
0,2.677041635848582,0.49576658263924867,0.4929919320325675,0.0,0.0,0.5994842503189413
1,2.6095214849337935,0.4920108419606539,0.4894153730688123,0.0,0.0,0.5994842503189413
2,2.7503592036664486,0.491872356628536,0.48918309657539966,0.0,0.0,0.5994842503189413
