,times,train_loss,test_loss,train_acc,test_acc,eta
0,2.747408048249781,0.4926776723844367,0.4901489261839939,0.0,0.0,0.16681005372000585
1,2.824901368469,0.4923016415906805,0.48977917381735986,0.0,0.0,0.16681005372000585
2,2.8966591209173203,0.49198636732558204,0.48938171080850673,0.0,0.0,0.16681005372000585
3,2.875959706492722,0.4919347844507432,0.48930589779207645,0.0,0.0,0.16681005372000585
