,times,train_loss,test_loss,train_acc,test_acc,eta
0,2.0000509042292833,0.15705256358247432,0.1628508209571821,90.034375,89.6175,0.9999999999999999
1,2.024251031689346,0.1489793102338595,0.15397288088169797,90.12125,89.69,0.9999999999999999
2,2.0345228016376495,0.1460692982471829,0.15219909158204328,90.480625,90.0425,0.9999999999999999
3,2.0427588243037462,0.14504264005771136,0.1513926272455029,90.406875,89.9625,0.9999999999999999
