,times,train_loss,test_loss,train_acc,test_acc,eta
0,2.0004591457545757,0.16909319417553711,0.1754551925249754,90.034375,89.6175,0.27825594022071226
1,2.080022355541587,0.1592689179460322,0.16527961567166624,90.034375,89.6175,0.27825594022071226
2,2.0302263675257564,0.14709021204580575,0.15199544961744718,90.19437500000001,89.7775,0.27825594022071226
3,2.0400674110278487,0.14561491931168757,0.15122539563520002,90.310625,89.89,0.27825594022071226
4,2.0528995599597692,0.1451625458204657,0.151347041407336,90.385,89.945,0.27825594022071226
