,times,train_loss,test_loss,train_acc,test_acc,eta
0,1.9832382500171661,0.17553460626087627,0.18209703717415449,90.034375,89.6175,0.07742636826811272
1,2.0166350407525897,0.17212756337846466,0.17861303804022866,90.034375,89.6175,0.07742636826811272
2,2.024882418103516,0.15199160505560008,0.1573510580776819,90.08,89.6625,0.07742636826811272
3,2.0317022958770394,0.14656851850247027,0.15163853305636008,90.23,89.8075,0.07742636826811272
4,2.0418093027547,0.14571967020589394,0.15123566106760836,90.29125,89.8725,0.07742636826811272
5,2.0565115632489324,0.14524158963222808,0.1514128932340199,90.389375,89.95,0.07742636826811272
6,2.0761601589620113,0.14507196641396244,0.15132507958868213,90.403125,89.9675,0.07742636826811272
