,times,train_loss,test_loss,train_acc,test_acc,eta
0,5.049300588201731,0.0013387802969699238,0.001587236572073154,99.94250477298164,99.92099996488888,2.8560649502148956
1,3.4215085692703724,0.0014397466210640186,0.001643291275472245,99.94118808839343,99.92626663389628,2.8560649502148956
2,2.7529561980627477,0.001182101640847236,0.0013509899255068096,99.94118808839343,99.92275552122467,2.8560649502148956
3,4.429794798139483,0.001091958081189137,0.001236276022058123,99.94162698325616,99.92451107756048,2.8560649502148956
