,train_loss,test_loss,train_acc,test_acc
0,0.6590255527438755,0.6499804292170281,76.50602409638554,66.66666666666666
