,train_loss,test_loss,train_acc,test_acc
0,0.27215199595155837,0.24093933892182842,90.44,90.79726502437269
