,times,train_loss,test_loss,train_acc,test_acc,eta
0,46.05994082335383,0.6911785969152289,0.6912900305098888,52.99634285714286,52.9014,0.023979370012757645
1,47.532539650797844,0.6887545234729997,0.6888305389137179,52.99634285714286,52.9014,0.023979370012757645
2,48.81483830790967,0.6628152917623629,0.6625394518165645,60.05932380952381,60.1294,0.023979370012757645
3,53.893012343905866,0.6364500867638732,0.6362635186102714,64.11066666666667,64.15379999999999,0.023979370012757645
4,47.17855041474104,0.6357997859623047,0.6356421766412692,64.4332,64.4434,0.023979370012757645
