,times,train_loss,test_loss,train_acc,test_acc,eta
0,45.47825976461172,0.6913028203589662,0.6914161125259743,52.99634285714286,52.9014,0.006672402148800233
1,47.13564334530383,0.6910672011864429,0.691177743978284,52.99634285714286,52.9014,0.006672402148800233
2,46.97781745437533,0.6797363080032199,0.67951964933987,56.349895238095236,56.3314,0.006672402148800233
3,48.66501958668232,0.642874095876104,0.642586556011064,62.83671428571429,62.8866,0.006672402148800233
4,47.39415739942342,0.635831900486701,0.6356697553712031,64.40919047619047,64.428,0.006672402148800233
