,times,train_loss,test_loss,train_acc,test_acc,eta
0,67.01256339345127,0.691337637854256,0.6914514508089517,52.99634285714286,52.9014,0.0018566355334451114
1,66.33579448889941,0.6912829985010281,0.691396223168527,52.99634285714286,52.9014,0.0018566355334451114
2,80.12215554527938,0.6855050975698181,0.6855293719744285,54.68080952380952,54.7064,0.0018566355334451114
3,55.886050092056394,0.6792447148534401,0.6790280382878011,56.460885714285716,56.4318,0.0018566355334451114
4,51.979272975586355,0.6681682649303896,0.6679120039201759,58.999895238095235,59.0314,0.0018566355334451114
5,51.498649082146585,0.6466203332458743,0.6463614410424834,62.285809523809526,62.3356,0.0018566355334451114
6,51.91147096455097,0.6448921892723856,0.6446443124629648,62.46512380952381,62.4964,0.0018566355334451114
7,51.68906767759472,0.6409272960464701,0.6405481093340274,62.982533333333336,62.992,0.0018566355334451114
8,52.80600759573281,0.639731908008516,0.639290937931919,63.176561904761904,63.2056,0.0018566355334451114
9,52.580969472415745,0.6376457050172165,0.6373092129129639,63.65850476190476,63.7098,0.0018566355334451114
10,50.99795198440552,0.6362392023563208,0.6360453282823296,64.2121619047619,64.2376,0.0018566355334451114
11,51.69674902409315,0.6360251620568638,0.6358739877219965,64.40915238095238,64.4066,0.0018566355334451114
