,times,train_loss,test_loss,train_acc,test_acc,eta
0,44.95858341921121,0.6893024351901313,0.6893861945721834,52.99634285714286,52.9014,0.3097054730724509
1,48.24659655150026,0.6698278412315523,0.6695717384060612,58.608533333333334,58.6166,0.3097054730724509
2,48.585753636434674,0.6358341721029319,0.6356766590288013,64.41848571428571,64.4226,0.3097054730724509
