,times,train_loss,test_loss,train_acc,test_acc,eta
0,47.22901547886431,0.6907433441651011,0.6908482852072028,52.99634285714286,52.9014,0.0861773876012753
1,47.83558134920895,0.6774230750371015,0.6772160444835024,56.90050476190476,56.9164,0.0861773876012753
2,48.98589000757784,0.6357413799449405,0.6356135828208688,64.49973333333332,64.4924,0.0861773876012753
