,times,train_loss,test_loss,train_acc,test_acc,eta
0,0.4239321621134877,0.3249470518091625,0.32479016642161135,78.98143799391477,79.13093196112064,4.526115903464598
1,0.18745347950607538,0.3243707243178133,0.32429207379321,78.99981621776153,79.1227640284244,4.526115903464598
2,0.7034228201955557,0.3235626393926193,0.3240942478421609,79.08558126237978,79.20444335538676,4.526115903464598
