,times,train_loss,test_loss,train_acc,test_acc,eta
0,0.14056411106139421,0.3330638967254948,0.3200986748965584,84.68452590764892,85.31170805879371,0.18515165107744452
1,0.12821325892582536,0.3371090950704549,0.32700512337691967,84.46422277053225,85.43335022807906,0.19720074580241698
2,0.12793504586443305,0.3282545202823726,0.31851363418438083,84.69333803313359,85.39280283831728,0.19288600142684684
3,0.08273216290399432,0.3277687952027896,0.31785764567462105,84.74180472329925,85.3725291434364,0.21531107503407187
4,0.06645339308306575,0.3274085701935115,0.31754655068825494,84.75061684878392,85.42321338063863,0.24361232897348437
5,0.06621858989819884,0.3273337797426284,0.31753834981094436,84.75942897426859,85.41307653319818,0.24642887718234688
