,times,train_loss,test_loss,train_acc,test_acc,eta
0,2.7858463269658387,0.16400853520515055,0.16934686726706819,90.5475,90.1725,1.7240179219409273
1,4.602230556309223,0.153144053381603,0.15964952606984809,90.765,90.2875,1.7240179219409273
2,3.312834387179464,0.14561252311447237,0.15184830193135213,90.39937499999999,89.93,1.7240179219409273
3,9.18789191916585,0.1451920886574949,0.151304092184472,90.379375,89.9375,1.7240179219409273
