,times,train_loss,test_loss,train_acc,test_acc,eta
0,0.013150714803487062,0.6849699127071474,0.6839111864233125,55.59701492537314,56.08322026232474,1.113023760882849
1,0.018253907095640898,0.6732967690270164,0.6722769904482544,55.59701492537314,56.08322026232474,1.113023760882849
2,0.01970192790031433,0.39096393196144175,0.3365433201123133,87.56218905472636,87.38127544097694,1.113023760882849
3,0.019768199883401394,0.3685514771704702,0.3031510639268073,89.7105382180009,89.41655359565807,1.113023760882849
4,0.016641723923385143,0.3621432305386296,0.2872919716083382,90.34373586612392,90.63772048846675,1.113023760882849
5,0.014286056160926819,0.3605935508583704,0.2831042190302368,90.77340569877883,91.09000452284035,1.113023760882849
6,0.015751023311167955,0.35990988244848865,0.27936596155096766,91.18046132971506,91.49706015377657,1.113023760882849
