,times,train_loss,test_loss,train_acc,test_acc,eta
0,0.21564860874786973,0.12225019947728198,0.12521519415452378,90.16280576705006,89.75535778425191,2.3408963703543857
1,0.20623630098998547,0.10968963354229043,0.11218159950459619,90.52324639559372,90.20233866783732,1.593095768588358
2,0.1790236230008304,0.11019864491075898,0.1083238863526956,90.6406933419731,90.35798379694297,1.5738390991373032
3,0.2162294709123671,0.11063143437359454,0.10594272999329826,90.83508828770452,90.45775631560043,1.4430046199581388
4,0.16688534757122397,0.10701427686171945,0.10507720201653481,90.79863923537988,90.46174721634674,1.5030809742976452
5,0.15986541891470551,0.10599413884966094,0.10514427535879206,90.75409039364976,90.42183820888374,1.6148922266033339
6,0.21964296512305737,0.10573337444554758,0.10655289007536889,90.69739186781143,90.39789280440596,1.3331020297897858
7,0.19817381910979748,0.10551405600592714,0.1061170322859254,90.71764134132512,90.40188370515226,1.515897964078587
