,train_loss,test_loss,train_acc,test_acc
0,0.11681746046654724,0.12300885942166569,0.0,0.0
