,times,train_loss,test_loss,train_acc,test_acc,eta
0,0.3799056028947234,0.09339380449962452,0.09653833216991135,97.70083150379449,96.57723689669479,400.0
1,0.3995645921677351,0.07170770761232148,0.07835701112940509,98.75187995920272,97.31710690084358,400.0
2,0.38823950476944447,0.06756090765917366,0.07533571949454228,99.07860390340035,97.42082699488314,400.0
3,0.38355377642437816,0.06606014234843688,0.07375598713508333,99.18232579044721,97.4277416678191,400.0
4,0.39976907800883055,0.06537930594000048,0.07310019593109932,99.24801631891023,97.4069976490112,400.0
5,0.40389247983694077,0.06503422831723404,0.07272838409197506,99.28777637561153,97.41391232194717,400.0
6,0.4064256181009114,0.06484749496466198,0.0724995522706658,99.3085207530209,97.42082699488314,400.0
7,0.4095472451299429,0.06474253924700572,0.07235254937033395,99.33272252666517,97.44848568662702,400.0
8,0.4090896970592439,0.06468141404625971,0.07224696124921919,99.3482808097222,97.44848568662702,400.0
