,times,train_loss,test_loss,train_acc,test_acc,eta
0,0.0994901699014008,0.33174257268732504,0.3318355946230489,84.55207149657566,84.68153061851237,0.22797554588773375
1,0.09942031092941761,0.3320690517128274,0.33133138525786626,84.84997389515064,84.90878938640132,0.34725837782168695
2,0.10497380699962378,0.3241051028935973,0.32449812878734513,84.90525475261816,84.95178428843437,0.23098805764946875
3,0.09460548684000969,0.3238130123400756,0.3240406909914034,84.90832591136636,84.98249493274369,0.27437435111886244
4,0.11830034991726279,0.3236572438801665,0.3240743456384516,84.8745431651362,84.97021067501996,0.22641775707055306
