,times,train_loss,test_loss,train_acc,test_acc,eta
0,0.16792046884074807,0.3303420002993816,0.3294390841765332,84.71791406897823,84.62010932989374,0.22797554588773375
1,0.16319824196398258,0.32425158704765483,0.3246850542207842,84.93903749884832,84.97635280388182,0.32106455985541554
2,0.11678194208070636,0.3237397991312638,0.3241822232364574,84.8837566413808,84.98249493274369,0.22659684308615174
3,0.11968775512650609,0.3236595499241544,0.32410076517755554,84.8745431651362,84.9640685461581,0.27528748317441193
