,times,train_loss,test_loss,train_acc,test_acc,eta
0,0.08306762110441923,0.13884441971906877,0.13395284109970126,89.411217128229,89.61334111360216,0.6666666666666666
1,0.06868102680891752,0.11981139459095136,0.1159041305187259,90.08610658599022,90.16000737078099,0.6666666666666666
2,0.07564596086740494,0.11414980178455666,0.10988702510169215,90.42355131487083,90.34734805442093,0.6666666666666666
3,0.05495318677276373,0.11236314733577503,0.10856668104303842,90.44682336513847,90.38113080065108,0.6666666666666666
4,0.0636614547111094,0.11065605432992777,0.10739921512542477,90.51663951594135,90.39648659439206,0.6666666666666666
5,0.06990019604563713,0.10973166618751269,0.10667016929220724,90.5631836164766,90.42719818187402,0.6666666666666666
6,0.06293040001764894,0.10944239062731549,0.10647522084932423,90.5515475913428,90.4456251343632,0.6666666666666666
7,0.06668855901807547,0.1092556883009746,0.10637777966539361,90.5515475913428,90.442553975615,0.6666666666666666
8,0.08319211890920997,0.10913421441687181,0.10632937955769894,90.5515475913428,90.4486962931114,0.6666666666666666
9,0.08531498676165938,0.10909726422338234,0.10630787885061303,90.5573656039097,90.4456251343632,0.6666666666666666
10,0.06779421679675579,0.10903185469148668,0.10627618155459949,90.5573656039097,90.4486962931114,0.6666666666666666
