,times,train_loss,test_loss,train_acc,test_acc,eta
0,0.11039752699434757,0.13317704604912606,0.1292532120581279,89.78356993251106,89.9388839409109,0.6666666666666666
1,0.08742017205804586,0.12634365957987548,0.12437696227923724,90.16174074936002,90.0862995608243,0.6666666666666666
2,0.057334866374731064,0.12144943199384738,0.11635812503528621,90.17337677449383,90.23985749823409,0.6666666666666666
3,0.060931847896426916,0.11387813582143917,0.11071105720982918,90.33046311380032,90.33506341942815,0.6666666666666666
4,0.06653401488438249,0.11252047237784372,0.1099250985764599,90.39446125203631,90.40570007063666,0.6666666666666666
5,0.060660515911877155,0.11185259557685086,0.10949942990801823,90.40027926460321,90.39648659439206,0.6666666666666666
6,0.0670163850300014,0.1114230574176006,0.10929402127991653,90.43518734000466,90.40262891188846,0.6666666666666666
7,0.0685344529338181,0.11032362008139907,0.1078251160928059,90.49336746567373,90.40570007063666,0.6666666666666666
8,0.056767354253679514,0.11008916428396598,0.10763502314028126,90.48754945310682,90.41184238813304,0.6666666666666666
9,0.05192103469744325,0.10993518252986115,0.1074607999497939,90.49918547824063,90.41491354688124,0.6666666666666666
10,0.06169705791398883,0.10981542487557244,0.10740606583328069,90.49336746567373,90.40877122938485,0.6666666666666666
11,0.05969636980444193,0.10937397920350933,0.10654776152704862,90.5515475913428,90.4394828168668,0.6666666666666666
12,0.05711646284908056,0.10929788855155745,0.10650546901579969,90.5573656039097,90.4394828168668,0.6666666666666666
13,0.056749853771179914,0.10918801057398975,0.10634856366513609,90.5573656039097,90.4394828168668,0.6666666666666666
14,0.0579418228007853,0.10909953650188878,0.10625217054912275,90.56900162904353,90.4456251343632,0.6666666666666666
15,0.06767419818788767,0.10903723526217146,0.10619150904836207,90.5631836164766,90.46405208685238,0.6666666666666666
16,0.05374484835192561,0.10902370926641936,0.10618745994546018,90.56900162904353,90.46405208685238,0.6666666666666666
