,train_loss,test_loss,train_acc,test_acc
0,0.3260114997616578,0.31810494946102796,84.72418047232992,85.36239229599595
