,times,train_loss,test_loss,train_acc,test_acc,eta
0,5.671563685871661,0.26777890068032584,0.2659666383936047,83.3663969840944,83.4853635457918,0.3536400396814193
