,times,train_loss,test_loss,train_acc,test_acc,eta
0,19.08141359873116,0.34719327210165807,0.3464995005648685,0.0,0.0,4.133513127125022
