,times,train_loss,test_loss,train_acc,test_acc,eta
0,24.752209931146353,0.35168982527698117,0.3504690163685851,0.0,0.0,0.1681128218440467
