,times,train_loss,test_loss,train_acc,test_acc,eta
0,0.30443285405635834,0.1354466223993925,0.13713932510610943,89.62592212908802,89.5257842284797,4.228475881715446
1,0.2760264198295772,0.11022146320496101,0.10979663119073615,90.44402902570906,90.43542237977393,1.7926361276064326
2,0.4928161301650107,0.11605944786084718,0.10443504425453513,90.69127017628495,90.58256972777741,1.3398870493903192
3,0.37713508820161223,0.10744281844579681,0.10073421651079476,90.73348208004181,90.70296301250752,1.2407126951636525
4,0.4074282506480813,0.10554192862884341,0.10011519252862329,90.74755271462743,90.72971707578088,1.580301550385843
5,0.4114948692731559,0.10482386995542783,0.10021951815552474,90.74956280528252,90.70296301250752,1.654848269730407
6,0.34141778387129307,0.10388884100995444,0.10124749324478279,90.715391264146,90.70965152832586,1.3005265581066612
7,0.24466866487637162,0.10368607519845521,0.10093177209888096,90.72142153611128,90.70296301250752,1.455962179917072
