,times,train_loss,test_loss,train_acc,test_acc,eta
0,0.1474967640824616,0.11587326089806886,0.11637001265370499,90.13648515548051,90.07424252558357,0.055330242964456926
1,0.14416234521195292,0.11830246101551671,0.11877724762411013,90.39176666867675,90.36853722159053,0.328078584245759
2,0.1330207851715386,0.10719242928571072,0.10734404729881086,90.55458401173892,90.55581566450405,0.29855259272935514
3,0.13442899100482464,0.10506734071355996,0.1044242323110586,90.647048181873,90.61601230686911,0.24235962979717365
4,0.13103211903944612,0.10418835589055779,0.103021388512612,90.65508854449335,90.64945488596081,0.41411131857079825
5,0.13026730017736554,0.10388837339453495,0.10236543101349976,90.66312890711372,90.65614340177915,0.321712312592079
6,0.1419399599544704,0.10374958032608288,0.10195914554789025,90.67719954169934,90.67620894923417,0.39530659848111066
7,0.14269002294167876,0.10368410300770871,0.10169359686567091,90.67518945104425,90.66283191759749,0.38275489025331527
