,times,train_loss,test_loss,train_acc,test_acc,eta
0,23.419397122226655,0.26660363473419285,0.2645869799576832,83.3699015224716,83.4868654908106,4.095759933798275
