,times,train_loss,test_loss,train_acc,test_acc,eta
0,8.668619419913739,0.4919135423577852,0.4892379507870361,0.0,0.0,26.436233422063733
