,train_loss,test_loss,train_acc,test_acc
0,0.03332847309970456,0.09595762278875986,99.77494373593399,96.475
