,times,train_loss,test_loss,train_acc,test_acc,eta
0,5.611640329472721,0.2675699220951042,0.2660256081619286,83.36908796891976,83.4883674358294,0.37769325962694716
