,times,train_loss,test_loss,train_acc,test_acc,eta
0,16.473101087845862,0.34830554829913624,0.3476550464372292,0.0,0.0,0.485866455841996
