,train_loss,test_loss,train_acc,test_acc
0,0.3184252286174564,0.34312544643597775,85.08634222919937,84.37159586056644
