,train_loss,test_loss,train_acc,test_acc
0,0.6723087906749861,0.6540740839722835,73.3,74.57471264367817
