,times,train_loss,test_loss,train_acc,test_acc,eta
0,10.181799357756972,0.49191164531509973,0.4892457973779389,0.0,0.0,0.0011923652053347632
