,train_loss,test_loss,train_acc,test_acc
0,0.22570306422541594,0.17787105230142064,92.53731343283582,93.17051108095885
