,train_loss,test_loss,train_acc,test_acc
0,0.5337332129697275,1.3651933029357486,76.18664521319388,0.0
