,times,train_loss,test_loss,train_acc,test_acc,eta
0,0.018320171628147364,0.5798949134662069,0.579966594203269,89.43403908794788,89.29455583558222,0.3097054730724509
1,0.021890320349484682,0.1905085633461777,0.19093217522549377,89.59690553745928,89.35700425987466,0.3097054730724509
2,0.01864626118913293,0.1406447474253007,0.14162922511166065,89.84120521172639,89.5911858509713,0.3097054730724509
3,0.031120083294808865,0.12114764312304703,0.12583215054754357,90.45195439739413,89.91904007850658,0.3097054730724509
4,0.03335135197266936,0.11548207171013856,0.12039535824124158,90.69625407166124,90.06400963489975,0.3097054730724509
5,0.025282169692218304,0.11364640545261136,0.11868668511124793,90.83876221498372,90.12645805919219,0.3097054730724509
6,0.02431711880490184,0.11321604673564585,0.11812396094861885,90.83876221498372,90.13760956353012,0.3097054730724509
7,0.031616510823369026,0.11315661158295376,0.11801577746175208,90.81840390879479,90.1576822713384,0.3097054730724509
