,times,train_loss,test_loss,train_acc,test_acc,eta
0,0.03171013714745641,0.6571666518821009,0.6571822390234573,89.43403908794788,89.27894372950911,0.0861773876012753
1,0.035477529279887676,0.28991972515697595,0.29080149337568845,89.5358306188925,89.40384057809399,0.0861773876012753
2,0.03690298879519105,0.1930646096752755,0.19412426634524915,89.59690553745928,89.43283448937262,0.0861773876012753
3,0.029515850357711315,0.158003730050239,0.15884523786146815,89.6172638436482,89.41499208243192,0.0861773876012753
4,0.01979400683194399,0.14150968169212003,0.14254914481197625,89.80048859934854,89.55327073622232,0.0861773876012753
5,0.02020168397575617,0.12814663874306112,0.13004060250435076,90.14657980456026,89.85436135334656,0.0861773876012753
6,0.01918950816616416,0.12179727921515088,0.12447684707366435,90.32980456026058,89.87220376028726,0.0861773876012753
7,0.02110119117423892,0.11673660964937274,0.12119172746677902,90.65553745928338,90.06400963489975,0.0861773876012753
8,0.02057648077607155,0.11518311338913995,0.12034746773294991,90.71661237785017,90.07962174097285,0.0861773876012753
9,0.020553021226078272,0.11461405730469064,0.11976871606492345,90.77768729641694,90.09523384704596,0.0861773876012753
10,0.02828313410282135,0.11410844108540247,0.11909259372612978,90.7369706840391,90.09300354617838,0.0861773876012753
11,0.023540359921753407,0.113579838804832,0.1184284471637154,90.79804560260587,90.12199745745701,0.0861773876012753
12,0.020753121003508568,0.11337770574899408,0.1182400326548582,90.77768729641694,90.11530655485424,0.0861773876012753
13,0.02054807683452964,0.1132938049579445,0.11816495802702023,90.83876221498372,90.12645805919219,0.0861773876012753
14,0.020183241926133633,0.11323613596488268,0.1181275537710363,90.81840390879479,90.13314896179494,0.0861773876012753
15,0.025255882181227207,0.11320545968613525,0.11809019261428252,90.81840390879479,90.13537926266254,0.0861773876012753
