,train_loss,test_loss,train_acc,test_acc
0,0.14520474482091064,0.15129115970253804,90.395625,89.9675
