,times,train_loss,test_loss,train_acc,test_acc,eta
0,0.008268848061561584,0.2110716560391127,0.18523647798825316,89.74566007266856,89.47579962768658,400.0
1,0.00918907206505537,0.13509999188970329,0.13643331207378598,90.4319741622931,89.75926552716196,400.0
2,0.009059987030923367,0.12176422255466704,0.13062374660961587,90.55308841340332,89.77618886444407,400.0
3,0.008255954831838608,0.11850309159111377,0.1296138078397737,90.67420266451353,89.84599763073278,400.0
4,0.00819062301889062,0.11759449297634116,0.1297162918525212,90.67420266451353,89.85234388221357,400.0
5,0.008996161166578531,0.11723172968503219,0.12976833215608538,90.67420266451353,89.879844305297,400.0
6,0.009147788863629103,0.11704817884304222,0.12975122375540327,90.67420266451353,89.89253680825858,400.0
7,0.010383060202002525,0.11695013162308389,0.1297972520658033,90.71457408155027,89.88407513961754,400.0
8,0.015997317619621754,0.11689406699137048,0.12984365046368454,90.71457408155027,89.8734980538162,400.0
