,times,train_loss,test_loss,train_acc,test_acc,eta
0,1.4586299657821655,0.5374397567839072,0.5303922083040499,74.67174688958261,74.56347942824195,1.1482139849734407
1,1.1087939450517297,0.5342585653464929,0.5237329878242403,75.17173720818658,75.0410918823094,1.1514657581130856
2,0.8002645932137966,0.5348901774694955,0.5257941170397892,75.04781533920385,74.87156097518996,2.774119566450304
3,1.5305507467128336,0.5338808618362197,0.5200033326827387,75.33632094042929,75.2390213677788,2.0122508965794936
4,0.74678098782897,0.533741978900636,0.5200828200347353,75.35998657513086,75.22783404903488,1.3383165928796739
5,0.7945459438487887,0.5336570554904562,0.5205771986422804,75.34686290497817,75.1908298408819,1.7806127896973725
