,train_loss,test_loss,train_acc,test_acc
0,0.4591640526735345,0.45213204803763674,79.20784444444445,79.2204
