,times,train_loss,test_loss,train_acc,test_acc,eta
0,22.62646769406274,0.2665025468234266,0.2645333636431575,83.3621414732078,83.4808577107354,1.295193320493228
