,times,train_loss,test_loss,train_acc,test_acc,eta
0,0.2459210711531341,0.1590977645385142,0.15933759945416134,88.72540151560835,88.68303123536887,0.04172588823735032
1,0.20549595169723034,0.15722529946851893,0.1576932143480038,89.71838629922209,89.61273493411812,0.1851110666716724
2,0.18742892192676663,0.11768855284006663,0.11807805714509842,90.37970612474622,90.33509464249883,0.1370350550888667
3,0.18830888299271464,0.10919671469156345,0.10901526625484825,90.60684636877123,90.58925824359575,0.316124583491201
4,0.20247934898361564,0.10516141563006418,0.10467106143739584,90.64302800056282,90.60932379105077,0.2853566201939789
5,0.1946943630464375,0.10421583678189693,0.10299570602232364,90.66312890711372,90.64945488596081,0.3628168704087467
6,0.21450540889054537,0.10389691500541555,0.10238230340702055,90.66513899776879,90.64276637014247,0.30695018083630776
7,0.19247936410829425,0.1037639298605224,0.10198377041778464,90.67518945104425,90.66952043341583,0.32293794220436345
8,0.18305626790970564,0.10369904429011657,0.10174864423167854,90.6812197230095,90.66952043341583,0.32170634799712894
