,times,train_loss,test_loss,train_acc,test_acc,eta
0,64.75175112299621,0.6362049200269221,0.6360096286764685,64.20046666666667,64.2252,4.142391538572655
1,147.3103797705844,0.6395161203848426,0.639350046317505,64.93719047619047,64.8794,5.977057073139183
2,70.7661540415138,0.6355993617386259,0.6354309657480561,64.69502857142857,64.6906,5.154496618359829
