,train_loss,test_loss,train_acc,test_acc
0,0.10893674171594903,0.10605503202857194,98.33023039329764,98.289364577255
