,times,train_loss,test_loss,train_acc,test_acc,eta
0,10.261762650683522,0.4933559727128533,0.4909668669088986,0.0,0.0,0.16681005372000585
1,9.799428584054112,0.4921864815829856,0.4896401161706644,0.0,0.0,0.16681005372000585
2,10.046473314985633,0.49196432967444825,0.48934776338055586,0.0,0.0,0.16681005372000585
3,9.89512170292437,0.4919138997140552,0.48926531464583695,0.0,0.0,0.16681005372000585
