,times,train_loss,test_loss,train_acc,test_acc,eta
0,10.104585803113878,0.49196483498243054,0.489325993852817,0.0,0.0,0.5994842503189413
1,10.031818598508835,0.4918844832803988,0.489207609352317,0.0,0.0,0.5994842503189413
