,times,train_loss,test_loss,train_acc,test_acc,eta
0,0.08970740297809243,0.07880067088580375,0.07774819004984193,0.0,0.0,1.9456448277313625
1,0.03221787279471755,0.07228373011961288,0.07195594660602696,0.0,0.0,1.9456448277313625
2,0.03336299583315849,0.07085697513163146,0.0696734188236146,0.0,0.0,1.9456448277313625
3,0.021436491049826145,0.07064480299457741,0.06947326209446474,0.0,0.0,1.9456448277313625
4,0.08534183586016297,0.07135523613154346,0.06735064901516004,0.0,0.0,1.9456448277313625
5,0.021006028167903423,0.07079977417862558,0.06732195366501297,0.0,0.0,1.9456448277313625
6,0.0459521091543138,0.07047214594014685,0.0672041440961441,0.0,0.0,1.9456448277313625
7,0.033915611915290356,0.07032130123843296,0.06732777304716342,0.0,0.0,1.9456448277313625
