,times,train_loss,test_loss,train_acc,test_acc,eta
0,5.286466614343226,0.49117800607366746,0.4884554913169567,0.0,0.0,5.525065415812715
