,times,train_loss,test_loss,train_acc,test_acc,eta
0,0.1203262722119689,0.33540242225212863,0.33657656560890137,84.88989895887718,84.84122596892082,5.90517601151698
1,0.11070748884230852,0.3231481569102048,0.32480519489007,84.91139707011456,84.98249493274369,5.42992008641752
2,0.10963673237711191,0.32298195573242394,0.324585888411907,84.89297011762538,84.97021067501996,5.493546284677289
3,0.09990858100354671,0.32292260093941283,0.3245127403247951,84.92061054635914,85.01320557705301,5.707928700205755
4,0.10165265295654535,0.3228517030569042,0.324557717144388,84.92368170510734,84.97635280388182,5.627445184916966
