,train_loss,test_loss,train_acc,test_acc
0,0.14510567340207967,0.15133572962503924,90.406875,89.9675
