,train_loss,test_loss,train_acc,test_acc
0,0.12381776403442249,0.13712509780621204,99.73118279569893,95.825
