,times,train_loss,test_loss,train_acc,test_acc,eta
0,12.311307487078011,0.49187843477729337,0.48919500426182827,0.0,0.0,0.6666666666666666
