,times,train_loss,test_loss,train_acc,test_acc,eta
0,7.410297860857099,0.49190995874926374,0.48923943573153983,0.0,0.0,0.773930839266299
