,times,train_loss,test_loss,train_acc,test_acc,eta
0,25.83748185262084,0.4921159620665132,0.48931430994407904,0.0,0.0,0.9995701161990762
1,11.218625480309129,0.49187601172416945,0.4892077156211219,0.0,0.0,0.9995701161990762
