,times,train_loss,test_loss,train_acc,test_acc,eta
0,5.744738638866693,0.49205897388656866,0.48946063874428836,0.0,0.0,1.2909944487358058
1,19.20565575081855,0.4930480597764139,0.49009109936662454,0.0,0.0,1.2909944487358058
2,6.471595469862223,0.491886254076688,0.4891671718170185,0.0,0.0,1.2909944487358058
