,times,train_loss,test_loss,train_acc,test_acc,eta
0,12.450565627776086,0.36838375307929344,0.3765827660869945,0.0,0.0,7.824530558364471
1,2.161485114134848,0.3622836028449805,0.37006731428128864,0.0,0.0,7.824530558364471
