,times,train_loss,test_loss,train_acc,test_acc,eta
0,7.920413600746542,0.2689430574046008,0.2670028881470556,83.37171637270265,83.4943752159046,0.45186897607484766
1,7.9797574589028955,0.2673674367243532,0.26500751656866045,83.35920016421265,83.4768525240186,0.45186897607484766
