,times,train_loss,test_loss,train_acc,test_acc,eta
0,0.11308484710752964,0.12291252038767801,0.1261826164221906,90.11420703061721,89.82719399768527,0.6666666666666666
1,0.16073139803484082,0.11357400169230182,0.1158407594230578,90.43009881743075,90.07462984395578,0.6666666666666666
2,0.10635704733431339,0.10962700307008949,0.11164042987233622,90.5434958691074,90.21431137007623,0.6666666666666666
3,0.08614001981914043,0.10805567930524393,0.10988189683399247,90.60829418435121,90.2622021790318,0.6666666666666666
4,0.08902815729379654,0.10699945160225188,0.10869643040257788,90.6406933419731,90.2861475835096,0.6666666666666666
5,0.07700387388467789,0.10660047124804858,0.10819574249918343,90.66904260489227,90.31807478948,0.6666666666666666
6,0.0797249092720449,0.10644553659987452,0.10797841869148611,90.68119228900048,90.33403839246517,0.6666666666666666
7,0.08428463479503989,0.1060443015303687,0.10737912992223772,90.70144176251418,90.35399289619667,0.6666666666666666
8,0.07780028879642487,0.10588999721342311,0.10712092991171335,90.70954155191964,90.37394739992817,0.6666666666666666
9,0.08476926479488611,0.1057822317333285,0.10693036046955008,90.70954155191964,90.38192920142076,0.6666666666666666
10,0.09047743631526828,0.10567369536730148,0.10671831794814321,90.72169123602787,90.39789280440596,0.6666666666666666
11,0.08188356133177876,0.10563433512429937,0.10663746213165634,90.72169123602787,90.39789280440596,0.6666666666666666
12,0.08867842378094792,0.1055955629916257,0.10655250174427865,90.7257411307306,90.40188370515226,0.6666666666666666
13,0.07768778409808874,0.1055640750691278,0.10647701897517456,90.7257411307306,90.40587460589855,0.6666666666666666
14,0.08469382859766483,0.10555229170327601,0.10644588925980525,90.72979102543334,90.40986550664485,0.6666666666666666
15,0.09483172418549657,0.10552586359082117,0.10637293895530843,90.73384092013607,90.40986550664485,0.6666666666666666
