,times,train_loss,test_loss,train_acc,test_acc,eta
0,0.1052121571265161,0.12753913441545492,0.13182974216742716,89.92386197958854,89.54783094544439,0.6666666666666666
1,0.07906614895910025,0.11617436208491341,0.11625805826326217,90.40174955451158,90.07462984395578,0.6666666666666666
2,0.1073084301315248,0.10954239687967554,0.10910665134675898,90.68929207840596,90.38991100291335,0.6666666666666666
3,0.0862577729858458,0.1072018884251612,0.10759782830954152,90.70954155191964,90.35399289619667,0.6666666666666666
4,0.0781882549636066,0.10669274617566152,0.10727585036620624,90.70144176251418,90.35000199545037,0.6666666666666666
5,0.08468011394143105,0.10639013527481919,0.10709172583974043,90.70954155191964,90.35798379694297,0.6666666666666666
6,0.07635402865707874,0.10619092578401057,0.10692158446974177,90.6933419731087,90.36596559843557,0.6666666666666666
7,0.10070866020396352,0.10578547626148072,0.10672589648905022,90.72169123602787,90.39390190365965,0.6666666666666666
8,0.16876800497993827,0.10561161496752346,0.10645164877968383,90.7378908148388,90.39390190365965,0.6666666666666666
9,0.09125986089929938,0.10554996074258756,0.10631844242327018,90.72169123602787,90.40188370515226,0.6666666666666666
10,0.08088520588353276,0.10549964808759923,0.10616965767986591,90.73384092013607,90.40587460589855,0.6666666666666666
