,times,train_loss,test_loss,train_acc,test_acc,eta
0,0.008417307864874601,0.6321295768882307,0.6315948854586538,89.30157448526444,89.31079708918598,0.3097054730724509
1,0.010045481845736504,0.22405286812353184,0.22405150232116117,89.42268873637465,89.28752750042308,0.3097054730724509
2,0.009896200150251389,0.15769731260311107,0.1587806421514957,89.70528865563182,89.47579962768658,0.3097054730724509
3,0.0101246009580791,0.137556181340531,0.14095743887140233,89.94751715785225,89.6386867490269,0.3097054730724509
4,0.011682259850203991,0.12644570040531194,0.13178754134563003,90.27048849414615,89.84176679641226,0.3097054730724509
5,0.013921837788075209,0.12139363786907725,0.12909375281509589,90.55308841340332,89.88407513961754,0.3097054730724509
6,0.010620017070323229,0.12001447286799202,0.12936868223367776,90.51271699636658,89.86292096801489,0.3097054730724509
7,0.010433682706207037,0.11790971461009275,0.12906041867925303,90.71457408155027,89.88619055677779,0.3097054730724509
8,0.012182214297354221,0.11708123199408041,0.1305015256643909,90.83568833266048,89.84176679641226,0.3097054730724509
9,0.01147967204451561,0.11694894968765059,0.13002529728114248,90.83568833266048,89.86715180233543,0.3097054730724509
10,0.011564630083739758,0.11688377537476861,0.12991533090590654,90.71457408155027,89.879844305297,0.3097054730724509
