,times,train_loss,test_loss,train_acc,test_acc,eta
0,0.010443544015288353,0.6750240329074019,0.67485792477368,89.30157448526444,89.31079708918598,0.0861773876012753
1,0.011031038127839565,0.4087034760427507,0.4079950078327369,89.42268873637465,89.27695041462177,0.0861773876012753
2,0.01197335496544838,0.278622805149256,0.27887656087688206,89.54380298748487,89.34252834658994,0.0861773876012753
3,0.0104136997833848,0.2087480101152167,0.20976999804768123,89.50343157044813,89.42079878151972,0.0861773876012753
4,0.010095808655023575,0.1736247327832818,0.1754790199568816,89.50343157044813,89.35522084955153,0.0861773876012753
5,0.010280421003699303,0.15410234480461726,0.15700462250812697,89.62454582155834,89.45041462176341,0.0861773876012753
6,0.010441036894917488,0.14165035512047286,0.14583495436666738,89.86677432377877,89.54137755965476,0.0861773876012753
7,0.012763688806444407,0.13119857280363384,0.13682396543077546,90.1090028259992,89.71907260111693,0.0861773876012753
8,0.011054569855332375,0.12665905931390276,0.13316889685735575,90.27048849414615,89.75291927568117,0.0861773876012753
9,0.011320828925818205,0.12175470179244585,0.13017182416381146,90.47234557932984,89.85234388221357,0.0861773876012753
10,0.010888071730732918,0.11982784749113985,0.12958910597139978,90.63383124747679,89.88407513961754,0.0861773876012753
11,0.01101508317515254,0.11861490458263277,0.12977297837435633,90.79531691562374,89.90311389405991,0.0861773876012753
12,0.014243855141103268,0.11807226384498448,0.12999959286959298,90.754945498587,89.879844305297,0.0861773876012753
13,0.011052737012505531,0.11762470918878128,0.13004599912873144,90.754945498587,89.85869013369437,0.0861773876012753
14,0.011021825950592756,0.11720679901327256,0.13004628699567283,90.754945498587,89.879844305297,0.0861773876012753
15,0.013386610895395279,0.11702102196744063,0.12994305022461206,90.754945498587,89.86715180233543,0.0861773876012753
16,0.011972757987678051,0.11695939655080181,0.1298865647342329,90.71457408155027,89.86715180233543,0.0861773876012753
17,0.014584457036107779,0.11690704543794725,0.12992211712066642,90.71457408155027,89.86926721949568,0.0861773876012753
