,times,train_loss,test_loss,train_acc,test_acc,eta
0,29.77851040288806,0.26996192201160113,0.268338222676281,83.31620698804952,83.43705098102042,1.8949207063585727
1,19.653719409368932,0.26963719568037525,0.26802081826995683,83.32509349607741,83.44406005777482,1.8949207063585727
2,9.574045047163963,0.2695364972191739,0.2679257878279713,83.32684576526601,83.44631297530302,1.8949207063585727
3,19.860551612451673,0.2692475031674978,0.2676397083906255,83.3366084078882,83.45407302456681,1.8949207063585727
4,9.663267589174211,0.2691663419868973,0.2675678208940072,83.33617034059107,83.45407302456681,1.8949207063585727
5,30.13329529762268,0.2687941234235655,0.2671951288603555,83.34342974151527,83.45857885962322,1.8949207063585727
6,19.89529508445412,0.2686061230433979,0.2670046296929532,83.34311683630301,83.45907950796281,1.8949207063585727
7,30.038834712468088,0.2683707767682545,0.2667594326403266,83.34380522776996,83.46083177715141,1.8949207063585727
