,times,train_loss,test_loss,train_acc,test_acc,eta
0,9.631390064023435,0.27029784874938206,0.26866105619729475,83.30994888380452,83.43079287677543,2.4473842035271822
1,19.947039250284433,0.269873200805814,0.26825120091069937,83.31908571600222,83.44005487105802,2.4473842035271822
2,9.620895667001605,0.2697647762816461,0.2681478615915747,83.32152637665777,83.44180714024662,2.4473842035271822
3,19.904974224045873,0.2695188025733981,0.2679054654477617,83.32947416904892,83.44956718951042,2.4473842035271822
4,30.29418282303959,0.2692625477613143,0.2676495936505555,83.34249102587852,83.45882918379301,2.4473842035271822
5,19.92294712550938,0.2691164200621818,0.2675098215744289,83.34393038985486,83.4598304804722,2.4473842035271822
6,30.173132991418242,0.26880723258700856,0.26720789898688097,83.34393038985486,83.45932983213261,2.4473842035271822
7,10.901163127273321,0.2687628788400714,0.26716411897524034,83.34311683630301,83.4580782112836,2.4473842035271822
8,10.514133323915303,0.26872573373924935,0.26712667054423844,83.34249102587852,83.45732723877421,2.4473842035271822
9,23.096983768977225,0.26857211889152693,0.26696823951263343,83.34080133773236,83.45707691460441,2.4473842035271822
10,22.40510166529566,0.26844303152059007,0.2668316544817989,83.34023810835032,83.45732723877421,2.4473842035271822
