,times,train_loss,test_loss,train_acc,test_acc,eta
0,0.019574859645217657,0.3520190813220049,0.26030480378721976,89.62536023054756,89.5006374381469,400.0
1,0.018835198134183884,0.1381894528907626,0.1439339300616219,90.34582132564842,89.21541087750384,400.0
2,0.01859458116814494,0.12736141057689582,0.12720506505524778,90.51873198847262,89.8809395190043,400.0
3,0.012877380009740591,0.11888878525558563,0.1240276648576305,90.69164265129683,89.97601503921865,400.0
4,0.009305770043283701,0.11801604546807187,0.12307442010176971,90.80691642651297,89.97817584649626,400.0
5,0.01144382730126381,0.11750946359748,0.12349962120993725,90.77809798270893,89.96521100283066,400.0
6,0.010811676271259785,0.11735834621607956,0.12326137945333682,90.835734870317,89.94792454460986,400.0
7,0.009730833116918802,0.11727458854126069,0.1233825562523806,90.77809798270893,89.96305019555305,400.0
8,0.014031365979462862,0.11723098489206119,0.12330307831593398,90.89337175792507,90.00842714838264,400.0
