,times,train_loss,test_loss,train_acc,test_acc,eta
0,0.15257144486531615,0.12119777144535852,0.12115838785756139,89.88522382359444,89.80670189284997,111.30237608828492
1,0.14647406199947,0.10831049668521749,0.10838099468163004,90.44603911636415,90.40866831650057,111.30237608828492
2,0.16153352428227663,0.10647025668403423,0.10621780438674092,90.55056383042876,90.52237308541234,111.30237608828492
3,0.15777311008423567,0.10556884975297855,0.10509272289245045,90.58473537156526,90.55581566450405,111.30237608828492
4,0.1398230199702084,0.10502597750339274,0.1043580654124642,90.61086655008141,90.60263527523243,111.30237608828492
5,0.1424989551305771,0.10466984191424966,0.10381425483167953,90.6289573659772,90.60932379105077,111.30237608828492
6,0.14510691491886973,0.10442171054763268,0.10339377411310055,90.64101790990773,90.60932379105077,111.30237608828492
7,0.14909697091206908,0.10424321747967437,0.10305810763344526,90.647048181873,90.61601230686911,111.30237608828492
8,0.17211476527154446,0.10411169085414192,0.10280093316233703,90.64503809121791,90.63607785432413,111.30237608828492
9,0.16158683132380247,0.10401219717768724,0.10258848399104403,90.6490582725281,90.64276637014247,111.30237608828492
10,0.20989018492400646,0.10393562137277472,0.10240808461902788,90.65910872580353,90.64945488596081,111.30237608828492
11,0.26474441681057215,0.10387590422270367,0.10225509741807018,90.66312890711372,90.65614340177915,111.30237608828492
12,0.2587198857218027,0.10382861144706852,0.10212695490757956,90.67116926973407,90.65614340177915,111.30237608828492
13,0.19443704886361957,0.10379089438981119,0.10201885493810829,90.67719954169934,90.66283191759749,111.30237608828492
14,0.15603693388402462,0.10376037079176878,0.10192049703433662,90.67317936038916,90.65614340177915,111.30237608828492
15,0.17514008190482855,0.10373554010281345,0.1018364785214227,90.67518945104425,90.65614340177915,111.30237608828492
16,0.18540975591167808,0.1037152158504147,0.10176326567833163,90.67719954169934,90.66283191759749,111.30237608828492
17,0.15547283785417676,0.10369846164724802,0.10169895820442182,90.67920963235441,90.65614340177915,111.30237608828492
