,times,train_loss,test_loss,train_acc,test_acc,eta
0,0.16456619510427117,0.20215953138236398,0.2044341086886944,88.37162556031276,88.24158919135844,400.0
1,0.1717274938710034,0.10917826691721128,0.1069285621357678,90.55659410239402,90.47555347468396,400.0
2,0.2827405799180269,0.10456541883945485,0.10240357065361012,90.69328026694004,90.66952043341583,400.0
3,0.2382037779316306,0.10398907912428502,0.10178506040735906,90.67719954169934,90.66952043341583,400.0
4,0.15500823315232992,0.1037820659609756,0.10156569873296721,90.6832298136646,90.6828974650525,400.0
5,0.14614287996664643,0.10369557384735079,0.10143225169124744,90.68523990431969,90.68958598087085,400.0
