,times,train_loss,test_loss,train_acc,test_acc,eta
0,10.257431861944497,0.4911474310350683,0.4884248886246373,0.0,0.0,0.32703248047669203
