,times,train_loss,test_loss,train_acc,test_acc,eta
0,0.1176715288311243,0.3320493534743953,0.3313191905049806,84.79469303768312,85.06848473680978,3.8063451393206376
1,0.12063071085140109,0.32411795269197774,0.3249683027228187,84.92061054635914,84.99477919046741,2.3609299821307386
2,0.13911033002659678,0.32375436843289096,0.32398246235881833,84.89297011762538,85.01934770591487,2.5639814171642112
3,0.18828158313408494,0.3236685608246603,0.32413819342943484,84.86532968889162,84.98249493274369,2.610136600917266
