,train_loss,test_loss,train_acc,test_acc
0,0.10360700063984656,0.10106314210990512,98.51856318719975,98.49508394087351
