,train_loss,test_loss,train_acc,test_acc
0,0.3194251247029579,0.3332854240513556,85.11069535391331,84.48770413431751
