,train_loss,test_loss,train_acc,test_acc
0,0.3069629402236207,0.35318703413439195,86.16822429906541,83.9772580436749
