,times,train_loss,test_loss,train_acc,test_acc,eta
0,0.04259952995926142,0.14583302365205666,0.14060107395068364,89.94741100323624,89.83718421514763,400.0
1,0.036605168133974075,0.1174074605688973,0.11810884327322467,90.43284789644014,90.20094829532626,400.0
2,0.03161594597622752,0.11359111396353784,0.1154885522211711,90.44296116504854,90.1608088106169,400.0
3,0.029381289146840572,0.11183199447328629,0.11326299714024067,90.52386731391586,90.26617495797898,400.0
4,0.029944797046482563,0.11154251415991319,0.11290013199142519,90.51375404530745,90.26366624018465,400.0
5,0.03282792307436466,0.11137859667203749,0.11246303768720153,90.55420711974111,90.29878828930534,400.0
6,0.028480783104896545,0.11130859761591584,0.11230141967918993,90.55420711974111,90.29878828930534,400.0
