,times,train_loss,test_loss,train_acc,test_acc,eta
0,0.0344475950114429,0.6052144942031357,0.6055088355240212,76.00713012477718,75.87273323649313,0.0861773876012753
1,0.03966443194076419,0.452314915325087,0.45237404834229106,76.70231729055259,76.51469003326929,0.0861773876012753
2,0.03560362895950675,0.3887926138966669,0.3880422603473739,81.72014260249554,81.55662808678132,0.0861773876012753
3,0.037888674065470695,0.3510423088175559,0.3492858249957801,83.5204991087344,83.67461693453915,0.0861773876012753
4,0.03797135595232248,0.3386163703212595,0.3360391913916579,83.9126559714795,84.26971557096668,0.0861773876012753
5,0.03890453092753887,0.3300644905964494,0.3269303288758859,84.4741532976827,84.77578370273183,0.0861773876012753
6,0.040684706065803766,0.3285747462127651,0.32554686914218134,84.54545454545455,84.73829717445292,0.0861773876012753
7,0.03791543701663613,0.3278134742676237,0.32513706498785294,84.73262032085562,84.82264186308046,0.0861773876012753
8,0.040271992795169353,0.32715222043559505,0.3252891308634598,84.75044563279857,84.83669931118504,0.0861773876012753
9,0.04152910131961107,0.32681218746205276,0.3255499895200402,84.75044563279857,84.7804695187667,0.0861773876012753
10,0.04204555694013834,0.32654791367192426,0.32580866701099154,84.68805704099822,84.75704043859238,0.0861773876012753
11,0.04397185891866684,0.32643594896306366,0.3259925298281819,84.72370766488413,84.76641207066211,0.0861773876012753
12,0.042546242009848356,0.36246236928185765,0.36114620804784786,82.95008912655972,83.11231901035565,0.0861773876012753
13,0.039476761128753424,0.32681740411572663,0.32624746159697326,84.70588235294117,84.74766880652265,0.0861773876012753
14,0.040023738984018564,0.32639306976254945,0.32617625676143175,84.71479500891266,84.74298299048779,0.0861773876012753
15,0.038918780628591776,0.32638701906630224,0.3262192617371697,84.71479500891266,84.77109788669696,0.0861773876012753
16,0.03811851888895035,0.3263440769448358,0.32616788416809483,84.71479500891266,84.78984115083642,0.0861773876012753
