,times,train_loss,test_loss,train_acc,test_acc,eta
0,0.03317742981016636,0.5252642611464274,0.5258061519495318,76.00713012477718,75.87273323649313,0.3097054730724509
1,0.032741307746618986,0.37887436092652793,0.3779928779921487,82.51336898395722,82.50316292582353,0.3097054730724509
2,0.03312363801524043,0.33867046126714595,0.3360510522307092,84.01069518716578,84.19942833044375,0.3097054730724509
3,0.03518538409844041,0.32884696097951216,0.32601868900356695,84.58110516934046,84.74766880652265,0.3097054730724509
4,0.0366163719445467,0.32798275931946425,0.3251976759699424,84.61675579322639,84.8179560470456,0.3097054730724509
5,0.035353695042431355,0.32700338658387235,0.32521255272579513,84.75044563279857,84.79921278290614,0.3097054730724509
6,0.036856811959296465,0.4257245044358103,0.4288609300155369,83.34224598930481,83.10763319432078,0.3097054730724509
7,0.037035454995930195,0.329839261587459,0.3299445059144535,84.50980392156863,84.66332411789513,0.3097054730724509
8,0.03721082862466574,0.3266832263125322,0.32610085038730774,84.70588235294117,84.79921278290614,0.3097054730724509
9,0.036510403733700514,0.32653509504098627,0.3259412432406376,84.73262032085562,84.76641207066211,0.3097054730724509
10,0.039192832075059414,0.3263981494233678,0.3259534750265582,84.6969696969697,84.81327023101073,0.3097054730724509
11,0.04036076972261071,0.3745505494810326,0.3782460456674372,83.77896613190731,83.74021835902722,0.3097054730724509
12,0.037130198907107115,0.32718918581828804,0.32641272650889275,84.6524064171123,84.73829717445292,0.3097054730724509
13,0.04454837739467621,0.33847361518777386,0.3358702157711777,84.19786096256685,84.41029005201256,0.3097054730724509
14,0.045495572965592146,0.38066824758251017,0.37665619617155416,82.62923351158645,82.68122393514831,0.3097054730724509
15,0.04225297039374709,0.32674081638223446,0.32661807301203544,84.7415329768271,84.80858441497587,0.3097054730724509
16,0.04176813317462802,0.3263041757274414,0.32609120348851756,84.73262032085562,84.71955391031348,0.3097054730724509
