,times,train_loss,test_loss,train_acc,test_acc,eta
0,9.955332267098129,0.26743788273927854,0.2656920479575682,83.37033958976875,83.4868654908106,4.091871895224147
