,train_loss,test_loss,train_acc,test_acc
0,0.08726986867556628,0.09402346447253407,0.0,0.0
