,train_loss,test_loss,train_acc,test_acc
0,0.10976759374902986,0.11525391044585272,98.57453163182188,98.0298704669325
