,times,train_loss,test_loss,train_acc,test_acc,eta
0,6.699428009334952,0.35197828454473234,0.34943525153032196,0.0,0.0,0.4467907162353616
