,times,train_loss,test_loss,train_acc,test_acc,eta
0,0.09817290725186467,0.3467804422145795,0.34639920137465996,84.16221033868092,84.39154678787311,0.1593259306410541
1,0.05510711995884776,0.32837731232085743,0.32652687465063696,84.57219251336899,84.81327023101073,0.15554736605009856
2,0.06187405018135905,0.3271404303093245,0.3255305883557581,84.64349376114082,84.83669931118504,0.18807374374482336
3,0.05914826784282923,0.3267959593197729,0.3255053193751289,84.71479500891266,84.79921278290614,0.19056825795123758
4,0.053882711101323366,0.3266001231561374,0.325590709197235,84.6969696969697,84.78984115083642,0.19946652751226787
5,0.05510575417429209,0.32650838298538193,0.32563556631432133,84.71479500891266,84.78984115083642,0.14990150001557873
6,0.06311227008700371,0.3264231194958531,0.3257172552825483,84.71479500891266,84.78515533480156,0.20973625128948814
7,0.0597047908231616,0.3263772490391087,0.3257618947752294,84.73262032085562,84.78515533480156,0.1702195276351436
8,0.05500631732866168,0.3263430714630304,0.3258001519203684,84.71479500891266,84.78984115083642,0.1812021512608463
