,train_loss,test_loss,train_acc,test_acc
0,0.3498132808665622,0.3491591500922351,0.0,0.0
