,train_loss,test_loss,train_acc,test_acc
0,0.362383963816797,0.3691793065827579,0.0,0.0
