,times,train_loss,test_loss,train_acc,test_acc,eta
0,0.024525048211216927,0.14120904364740616,0.14201444633449037,89.80048859934854,89.51312532060575,0.6666666666666666
1,0.025276903063058853,0.12865376530122874,0.13152564590715682,90.00407166123779,89.68485848740995,0.6666666666666666
2,0.024861920159310102,0.12493856281866306,0.128832859172269,90.16693811074919,89.84320984900863,0.6666666666666666
3,0.02791634202003479,0.11807656084871226,0.12326316141607586,90.53338762214983,90.02609452015076,0.6666666666666666
4,0.03330126591026783,0.1160899391130368,0.12112890091957623,90.65553745928338,90.08185204184045,0.6666666666666666
5,0.02515449235215783,0.11563811293249444,0.12075825634631202,90.65553745928338,90.0907732453108,0.6666666666666666
6,0.024806673172861338,0.1153188620265366,0.12052125126504448,90.67589576547232,90.08631264357562,0.6666666666666666
7,0.024976280983537436,0.11505829078437102,0.12026743168731678,90.67589576547232,90.07962174097285,0.6666666666666666
8,0.02806191984564066,0.114836468733176,0.12005629349178779,90.65553745928338,90.0907732453108,0.6666666666666666
9,0.031670105177909136,0.1140129890595792,0.11926881345739834,90.71661237785017,90.10192474964873,0.6666666666666666
10,0.029548078775405884,0.11368338502021856,0.11887151808957816,90.7369706840391,90.12645805919219,0.6666666666666666
11,0.02695873286575079,0.11351712256983516,0.11864347637776874,90.7369706840391,90.12868836005977,0.6666666666666666
12,0.027309462893754244,0.11340990450062505,0.11847975063766245,90.7369706840391,90.12199745745701,0.6666666666666666
13,0.02637977059930563,0.11338234098406795,0.11844400258487653,90.7369706840391,90.12199745745701,0.6666666666666666
14,0.026438869070261717,0.11331307757546323,0.11833673585559167,90.79804560260587,90.14430046613288,0.6666666666666666
15,0.026192385237663984,0.1132687816704878,0.11826907279492392,90.79804560260587,90.15322166960323,0.6666666666666666
16,0.0299568809568882,0.1132237060079307,0.11819625514802537,90.81840390879479,90.15322166960323,0.6666666666666666
17,0.03023046301677823,0.11320554036453707,0.11816849310389431,90.81840390879479,90.15545197047082,0.6666666666666666
