,times,train_loss,test_loss,train_acc,test_acc,eta
0,0.027421358041465282,0.1397054376420099,0.13807128907901692,89.90228013029316,89.7473069117024,0.6666666666666666
1,0.02089525107294321,0.1241949474975438,0.12623562677817687,90.22801302931596,89.88781586636037,0.6666666666666666
2,0.01567424274981022,0.12091587164675276,0.12409129182475354,90.45195439739413,89.9681066975935,0.6666666666666666
3,0.015854293014854193,0.1187916569964999,0.1230677674870802,90.55374592833876,90.01048241407766,0.6666666666666666
4,0.023083823267370462,0.11470883675964534,0.119771513343226,90.71661237785017,90.11530655485424,0.6666666666666666
5,0.01907828589901328,0.11406194164486379,0.11888282561405605,90.69625407166124,90.12645805919219,0.6666666666666666
6,0.018820658791810274,0.11361567879322072,0.1183942678388474,90.77768729641694,90.13537926266254,0.6666666666666666
7,0.018523306120187044,0.113429216169195,0.11826955489248567,90.83876221498372,90.16214287307358,0.6666666666666666
8,0.018514936789870262,0.11332865200804253,0.11821449146106298,90.81840390879479,90.1576822713384,0.6666666666666666
9,0.020463024731725454,0.11327052981494433,0.11817451663519432,90.81840390879479,90.15099136873565,0.6666666666666666
10,0.02214931510388851,0.11320813999527488,0.11812156858732833,90.81840390879479,90.16214287307358,0.6666666666666666
