,times,train_loss,test_loss,train_acc,test_acc,eta
0,0.08717545820400119,0.3343716277514497,0.323355945607244,84.39372576665491,85.2407501267106,0.18515165107744452
1,0.08739428780972958,0.32791374835454373,0.3174526728696067,84.69333803313359,85.45362392295996,0.1930965391943254
2,0.08060469897463918,0.3276013569429294,0.3174470094950308,84.72858653507225,85.42321338063863,0.18160072266685084
3,0.07919409312307835,0.32745726024822636,0.31744735104315547,84.73299259781459,85.42321338063863,0.21704386174710166
4,0.08660353207960725,0.3273691265934825,0.3174773511426482,84.72858653507225,85.39280283831728,0.24387781298711317
5,0.08429585071280599,0.3273195480809941,0.3174972082773592,84.73739866055692,85.3725291434364,0.24614206216430526
