,times,train_loss,test_loss,train_acc,test_acc,eta
0,16.565237563103437,0.3519046058245684,0.34939040365340945,0.0,0.0,0.4443821768542365
