,train_loss,test_loss,train_acc,test_acc
0,50.192734404640404,50.47584525836835,0.0,0.0
