,times,train_loss,test_loss,train_acc,test_acc,eta
0,30.42809487041086,0.266825800286848,0.2651192061973862,83.3567595035571,83.4758512273394,1.7433074596115643
