,train_loss,test_loss,train_acc,test_acc
0,0.026153635076693788,0.012406158482562126,99.95383905216187,99.81538461538462
