,times,train_loss,test_loss,train_acc,test_acc,eta
0,28.268882390111685,0.35014401957111824,0.34866633652822837,0.0,0.0,2.188680398180783
