,times,train_loss,test_loss,train_acc,test_acc,eta
0,1.3864117665216327,0.001281153425539764,0.0015370716311553843,99.92626566306042,99.91046662687405,0.2306103408030994
1,1.2873062994331121,0.0011641582992337348,0.0013895403515053106,99.9420658781189,99.92451107756048,0.2306103408030994
2,1.3713722052052617,0.0010926300244914146,0.001272934774208899,99.94031029866795,99.92626663389628,0.2306103408030994
