,times,train_loss,test_loss,train_acc,test_acc,eta
0,17.111491885967553,0.34852158211230694,0.3478505230035758,0.0,0.0,6.921175899307959
