,times,train_loss,test_loss,train_acc,test_acc,eta
0,19.968076217919588,0.27096131594811035,0.26931149498524737,83.30544304874813,83.42678769005863,0.27825594022071226
1,20.554480587132275,0.2705024031258627,0.2688509189535412,83.30650692646978,83.42853995924722,0.27825594022071226
2,20.730195999145508,0.2678482110154177,0.2662043555922023,83.35738531398161,83.4781041448676,0.27825594022071226
