,times,train_loss,test_loss,train_acc,test_acc,eta
0,19.204039812088013,0.27631476349746903,0.27468653766230083,83.30387852268689,83.42603671754922,0.021544346900318825
1,19.53975017881021,0.2748029137707642,0.27316566031322614,83.30387852268689,83.42603671754922,0.021544346900318825
2,19.787732115015388,0.27063619838020075,0.2689800260650193,83.30575595396039,83.42778898673782,0.021544346900318825
3,20.504364810884,0.26992537274795264,0.26830180289948674,83.31677021743158,83.43780195352983,0.021544346900318825
4,20.538878340739757,0.2686445309363705,0.2670364487250189,83.3453697538312,83.46058145298161,0.021544346900318825
5,20.601668051909655,0.2671885737069238,0.26550241111684003,83.34818590074146,83.46608858471721,0.021544346900318825
