,times,train_loss,test_loss,train_acc,test_acc,eta
0,19.808877808973193,0.2735106044898475,0.27187129584495295,83.30406626581423,83.42603671754922,0.07742636826811272
1,19.887241064105183,0.2711484486087428,0.26948919041087926,83.30506756249343,83.42628704171902,0.07742636826811272
2,20.047091738320887,0.2688646821217149,0.26725923461428613,83.33767228560987,83.45407302456681,0.07742636826811272
3,20.741991272196174,0.26758111104730387,0.2658925799014726,83.35456916707136,83.4756009031696,0.07742636826811272
