,times,train_loss,test_loss,train_acc,test_acc,eta
0,20.596794079057872,0.27758280129565244,0.27596022306676177,83.30381594164443,83.42628704171902,0.005994842503189411
1,20.864074219949543,0.27705201667262835,0.27542617585565726,83.30387852268689,83.42628704171902,0.005994842503189411
2,20.948994370177388,0.2714618207500046,0.26977901169236057,83.30444175206893,83.42628704171902,0.005994842503189411
3,20.966789280064404,0.2704204542626407,0.2687726711980486,83.30788370940368,83.42929093175663,0.005994842503189411
4,21.14428319502622,0.27033973741274836,0.2686975055386664,83.30944823546493,83.42979158009622,0.005994842503189411
5,21.437674225773662,0.26971855030765574,0.2680999638282982,83.32471800982272,83.44330908526541,0.005994842503189411
6,21.55486859800294,0.26974366354324963,0.26807491519990256,83.3472471851047,83.46358534301922,0.005994842503189411
7,20.082137926016003,0.26819948618348544,0.2665591308490523,83.34155231024177,83.45757756294401,0.005994842503189411
