,times,train_loss,test_loss,train_acc,test_acc,eta
0,0.014474091120064259,0.1517457479875225,0.14129487813082398,89.56772334293949,89.61516022385963,0.6666666666666666
1,0.020594822708517313,0.13005927551336124,0.1287901977484509,90.08645533141211,89.83772337345232,0.6666666666666666
2,0.013929398730397224,0.1231837925340049,0.12587962814214895,90.37463976945244,89.8917435553923,0.6666666666666666
3,0.013021796941757202,0.12151626739537175,0.12483934671707984,90.46109510086455,89.94360293005467,0.6666666666666666
4,0.015272269956767559,0.12052039620218645,0.12424463877689397,90.54755043227665,89.98249746105145,0.6666666666666666
5,0.014212438371032476,0.11883812069553083,0.12372285370174123,90.69164265129683,89.96737181010826,0.6666666666666666
6,0.011346409097313881,0.1185671254007237,0.12355947308998419,90.63400576368876,89.97385423194105,0.6666666666666666
7,0.014470253139734268,0.11770116310866975,0.12343430678588302,90.835734870317,89.98033665377385,0.6666666666666666
8,0.01513630198314786,0.1174344388788824,0.12332853736239342,90.835734870317,89.98465826832904,0.6666666666666666
9,0.014694051817059517,0.1173451374998218,0.12331133112954301,90.835734870317,89.98033665377385,0.6666666666666666
10,0.014635213185101748,0.1173117818553271,0.12330098688804522,90.77809798270893,89.95224615916507,0.6666666666666666
11,0.01313350023701787,0.11727585593132653,0.1232993747830336,90.77809798270893,89.95872858099786,0.6666666666666666
12,0.011656309012323618,0.11726152729259567,0.12329675286396614,90.77809798270893,89.96088938827546,0.6666666666666666
13,0.014815449248999357,0.11722813005616284,0.12329683555296338,90.77809798270893,89.96305019555305,0.6666666666666666
