,times,train_loss,test_loss,train_acc,test_acc,eta
0,0.31688665598630905,0.07516971511655594,0.07312209167266458,98.64297197780351,97.38625363020329,400.0
1,0.3154974509961903,0.0718333445221887,0.08133717447157332,98.98006811070583,97.42082699488314,400.0
2,0.4230531947687268,0.06695159510124997,0.07429806639622542,99.06996041281312,97.53837643479463,400.0
3,0.5747936279512942,0.06593958250862852,0.07429124869273439,99.2220858471485,97.46231503249896,400.0
4,0.25718948198482394,0.06530896023242719,0.07318099748430339,99.25147371514512,97.48305905130687,400.0
5,0.26090336916968226,0.06500380647860496,0.07284374099614642,99.30679205490345,97.45540035956299,400.0
6,0.2755929767154157,0.06483393434759968,0.07255021767956196,99.30679205490345,97.45540035956299,400.0
7,0.6004600608721375,0.0647355621413109,0.0723808506491784,99.33445122478261,97.45540035956299,400.0
8,0.5097112320363522,0.06467791752352424,0.07226711423301602,99.34309471536986,97.48305905130687,400.0
