,train_loss,test_loss,train_acc,test_acc
0,0.0858920481341894,0.0941613556563208,0.0,0.0
