,times,train_loss,test_loss,train_acc,test_acc,eta
0,0.015565254725515842,0.2757821499287855,0.23607419214251502,89.92263843648209,89.6067979570444,400.0
1,0.012532592285424471,0.12684023967028707,0.1318344531340362,90.49267100977198,89.73169480562927,400.0
2,0.012675479054450989,0.12591522796223448,0.1286335790603961,90.37052117263843,89.79191292905413,400.0
3,0.012526014354079962,0.11503798559757673,0.11949160341695479,90.67589576547232,90.06847023663492,400.0
4,0.011859209276735783,0.11393550293223743,0.11867393726626284,90.79804560260587,90.13983986439771,400.0
5,0.013021049089729786,0.11343196117549585,0.1182453999845052,90.77768729641694,90.13314896179494,400.0
6,0.01764037273824215,0.11340249924723365,0.11820623104663285,90.79804560260587,90.14653076700047,400.0
7,0.025123752187937498,0.11321645910446144,0.11813212809089735,90.79804560260587,90.17106407654393,400.0
8,0.024363670963793993,0.11317995312065515,0.11802167151150256,90.81840390879479,90.15099136873565,400.0
