,train_loss,test_loss,train_acc,test_acc
0,0.45185545997188414,0.4487920577519571,79.31555555555555,79.35600000000001
