,times,train_loss,test_loss,train_acc,test_acc,eta
0,0.93367500603199,0.691396175593197,0.6915783590422998,51.30451432739039,50.982332642014406,0.0861773876012753
1,0.8466556058265269,0.6484709023662097,0.6493521075705868,60.69654417190717,60.530278908461916,0.0861773876012753
2,0.7650141143240035,0.5877366412840228,0.5881236594167347,69.49370601688005,69.38547197576655,0.0861773876012753
3,0.8408607882447541,0.5658869179539708,0.5643057548673973,70.99475268336026,70.98439799316714,0.0861773876012753
4,0.8159467233344913,0.5392819185878949,0.5330127175921069,74.40367979105396,74.29670490434842,0.0861773876012753
5,0.8156081321649253,0.5368782493586458,0.5286318929519416,74.80664100738153,74.67277092674027,0.0861773876012753
6,0.8321701767854393,0.533589887691275,0.5212478674638842,75.33137267135533,75.17447914425617,0.0861773876012753
