,times,train_loss,test_loss,train_acc,test_acc,eta
0,0.6808480741456151,0.6924121138040422,0.6925832963472999,51.30451432739039,50.982332642014406,0.023979370012757645
1,0.7497952659614384,0.6880871104030413,0.6883542777289154,51.30451432739039,50.982332642014406,0.023979370012757645
2,0.7572629889473319,0.6449257262836345,0.6460142678025396,60.45020642887724,60.29878746676076,0.023979370012757645
3,0.8338155527599156,0.5893221361866747,0.5897989236754506,69.39000750846046,69.27531991428793,0.023979370012757645
4,0.808150758035481,0.5556749206233086,0.5531734629334146,72.3781166027336,72.38195227317712,0.023979370012757645
5,0.8391401004046202,0.5494307669203692,0.545344271881847,73.22082834024297,73.21583780108948,0.023979370012757645
6,0.8296015090309083,0.5409143804037959,0.5345784438636038,74.41809431400856,74.29928659328934,0.023979370012757645
7,0.9060709131881595,0.5364783561472352,0.5281206570696274,74.85289656611641,74.7398948392038,0.023979370012757645
8,0.899484041146934,0.5336434594845196,0.521532672255927,75.29845592490679,75.15640732166983,0.023979370012757645
