,train_loss,test_loss,train_acc,test_acc
0,0.6360795624771156,0.6359235643958079,64.41440952380952,64.42360000000001
