,times,train_loss,test_loss,train_acc,test_acc,eta
0,21.0641510928981,0.26701564662925736,0.2652849716276902,83.35619627417506,83.47484993066021,0.3536400396814193
