,times,train_loss,test_loss,train_acc,test_acc,eta
0,24.782774738036096,0.37597869551305685,0.37503366007717936,0.0,0.0,1.8949207063585731
1,24.668119258247316,0.3725820053036372,0.371674141860679,0.0,0.0,1.8949207063585731
2,24.90185190178454,0.3684931694875356,0.36763530337385447,0.0,0.0,1.8949207063585731
3,7.866773125715554,0.3675795747893706,0.3667322049378259,0.0,0.0,1.8949207063585731
4,16.361505771055818,0.36462486325881205,0.3638159371505799,0.0,0.0,1.8949207063585731
5,43.08300366345793,0.35923830245478955,0.3585039482887483,0.0,0.0,1.8949207063585731
6,16.703529624268413,0.35805470948779156,0.35733738773364426,0.0,0.0,1.8949207063585731
7,7.568591524846852,0.35771610037154333,0.3570031113118979,0.0,0.0,1.8949207063585731
8,7.9882461577653885,0.35742630652068746,0.35671589586643465,0.0,0.0,1.8949207063585731
9,25.35841213632375,0.3554340489876352,0.35475333082860466,0.0,0.0,1.8949207063585731
10,7.921541308052838,0.3552096878195147,0.3545310917382731,0.0,0.0,1.8949207063585731
11,7.834652951918542,0.3550127211213018,0.354336010179088,0.0,0.0,1.8949207063585731
12,24.95693879481405,0.35334851195334016,0.3526925293355546,0.0,0.0,1.8949207063585731
13,16.11621098499745,0.3526978396166468,0.35204924339127386,0.0,0.0,1.8949207063585731
14,7.799037264660001,0.35258755419290183,0.35193910347964935,0.0,0.0,1.8949207063585731
15,7.739142280071974,0.3524897244769001,0.3518420623507079,0.0,0.0,1.8949207063585731
16,33.142986327409744,0.3512593328735318,0.3506212032613426,0.0,0.0,1.8949207063585731
17,7.602750746533275,0.3511913516265862,0.3505523496064414,0.0,0.0,1.8949207063585731
18,16.249465400353074,0.3509029522409513,0.3502644649264997,0.0,0.0,1.8949207063585731
19,7.739834198728204,0.35084166884442836,0.3502016352591563,0.0,0.0,1.8949207063585731
20,7.759467106312513,0.35078242538055765,0.35014180669718764,0.0,0.0,1.8949207063585731
21,33.21875902544707,0.35007944609779457,0.3494343869300944,0.0,0.0,1.8949207063585731
22,16.27542570605874,0.3498995382511941,0.34925232790545707,0.0,0.0,1.8949207063585731
