,train_loss,test_loss,train_acc,test_acc
0,0.31189308821035416,0.2973572896956036,90.24285714285715,90.49955834723721
