,times,train_loss,test_loss,train_acc,test_acc,eta
0,22.92871249653399,0.26705525689020454,0.26543891368874684,83.3645195528209,83.4821093315844,0.4918766734042797
