,train_loss,test_loss,train_acc,test_acc
0,0.09608546087464459,0.10425001126590265,98.57443706463633,98.49942131939179
