,train_loss,test_loss,train_acc,test_acc
0,0.13377051769080686,0.10387371450076299,98.71666666666667,97.6
