,times,train_loss,test_loss,train_acc,test_acc,eta
0,0.061653923243284225,0.488711424788414,0.4826390854131946,75.76665491716602,76.36087176887987,0.3097054730724509
1,0.07183015765622258,0.3563032429290285,0.34702079589780654,83.24374339090589,84.10542321338065,0.3097054730724509
2,0.09333615191280842,0.3295020067201327,0.318098292278075,84.52590764892491,85.2407501267106,0.3097054730724509
3,0.07149685267359018,0.3282038731722599,0.3174246466443977,84.68893197039125,85.34211860111506,0.3097054730724509
4,0.07163494918495417,0.43042148562500004,0.41438116374623046,84.10733168840324,84.77445514445007,0.3097054730724509
5,0.07204576395452023,0.33001083640598694,0.321017801159971,84.72858653507225,85.19006588950836,0.3097054730724509
6,0.0780665073543787,0.32795300345489314,0.3176470201550937,84.79908353894959,85.32184490623416,0.3097054730724509
7,0.07752858893945813,0.3277068393726071,0.3174023126363021,84.71096228410292,85.38266599087683,0.3097054730724509
8,0.07930928701534867,0.3274159320742417,0.31744934418180326,84.74180472329925,85.3522554485555,0.3097054730724509
9,0.07964725699275732,0.32731953564835997,0.3174494004598496,84.69774409587592,85.33198175367461,0.3097054730724509
