,times,train_loss,test_loss,train_acc,test_acc,eta
0,0.06787278782576323,0.5623671660550893,0.5588831910184571,75.74021854071202,76.33046122655854,0.0861773876012753
1,0.0764965140260756,0.4100076359972071,0.4029269036877356,80.24762072611914,80.98327420172326,0.0861773876012753
2,0.07863912871107459,0.35914568883546183,0.3503575136335246,83.04106450475855,83.95337050177395,0.0861773876012753
3,0.07428819919005036,0.33310754940759035,0.3214233044134174,84.21307719421924,85.14951849974658,0.0861773876012753
4,0.07126475917175412,0.3300096958156668,0.3181851077688163,84.45981670778991,85.28129751647238,0.0861773876012753
5,0.07298872200772166,0.3287562947597489,0.31748837290655646,84.62284102925625,85.28129751647238,0.0861773876012753
6,0.07856843993067741,0.32821154431548005,0.31742466020579,84.68893197039125,85.38266599087683,0.0861773876012753
7,0.07950630271807313,0.3278439126451949,0.31734081728237157,84.78586535072259,85.38266599087683,0.0861773876012753
8,0.07607089821249247,0.32757330273100455,0.3173917705848324,84.75061684878392,85.43335022807906,0.0861773876012753
9,0.07731570117175579,0.3274220912545326,0.317583171646519,84.74621078604159,85.39280283831728,0.0861773876012753
10,0.07972247619181871,0.3273327757271785,0.3177413579161221,84.75502291152625,85.36239229599595,0.0861773876012753
