,times,train_loss,test_loss,train_acc,test_acc,eta
0,27.54676446598023,0.4911600077989145,0.48839420679377166,0.0,0.0,0.449425538930547
