,times,train_loss,test_loss,train_acc,test_acc,eta
0,14.077063132077456,0.49116009872816396,0.4883942934526077,0.0,0.0,0.4488219134933733
