,train_loss,test_loss,train_acc,test_acc
0,0.1168073149108409,0.1299990484206765,98.58700040371417,97.65823320358776
