,train_loss,test_loss,train_acc,test_acc
0,0.5335803845270796,0.5211092273109653,75.34922946844833,75.1848059000198
