,times,train_loss,test_loss,train_acc,test_acc,eta
0,9.826043605338782,0.2670288523941118,0.265289386162451,83.35588336896281,83.4743492823206,1.4797899912621344
