,times,train_loss,test_loss,train_acc,test_acc,eta
0,35.755983849056065,0.3483075965139652,0.3461408293685858,0.0,0.0,1.303260134898993
