,train_loss,test_loss,train_acc,test_acc
0,0.5152944405862171,0.5104586670963036,75.77779259868032,75.71405213290535
