,times,train_loss,test_loss,train_acc,test_acc,eta
0,0.09278053790330887,0.13261208135274347,0.13560461380454994,90.12230682002269,89.80324859320748,0.049191543361030036
1,0.09190436499193311,0.11125710762402967,0.11400808149957097,90.46654786975539,90.13848425589656,0.24340901660205713
2,0.100702955853194,0.10752780069666683,0.10979839019351607,90.57994492143204,90.2821566827633,0.32697762927241225
3,0.10236827097833157,0.10655220154349229,0.10840355565125938,90.63259355256763,90.31408388873369,0.26554045109791896
4,0.08770637912675738,0.1059278786879039,0.10745294080376727,90.70144176251418,90.35399289619667,0.4535531425270158
5,0.09600915387272835,0.10572601074874477,0.10698530604720856,90.70549165721691,90.38592010216706,0.3136440255670285
6,0.08506795205175877,0.10563315840170445,0.10673897290747665,90.7257411307306,90.39390190365965,0.25816312217367543
7,0.0807978049851954,0.10556247815332628,0.10653294545281365,90.72169123602787,90.39789280440596,0.3284484605544307
8,0.08703182777389884,0.105531591353579,0.10642977629483484,90.72979102543334,90.40188370515226,0.22097994031539783
