,times,train_loss,test_loss,train_acc,test_acc,eta
0,0.17543116118758917,0.3282383975114953,0.3273487401241692,78.93651344673378,79.14726782651312,8.59065583801947
1,0.49833367578685284,0.3252100893428069,0.32496520155861425,78.9793959690429,79.13909989381688,8.59065583801947
2,0.5096530318260193,0.32461600186667333,0.32494712815711074,79.04065671519879,79.15543575920934,8.59065583801947
3,0.33791192155331373,0.323994433533209,0.32438112079521136,79.05290886442997,79.16360369190558,8.59065583801947
