,train_loss,test_loss,train_acc,test_acc
0,0.06279390156356633,0.06388209235655251,0.0,0.0
