,times,train_loss,test_loss,train_acc,test_acc,eta
0,0.11265309248119593,0.33422316012702996,0.33476546827772086,84.83154694266146,85.13604815429028,12.034946788231446
1,0.11110047437250614,0.32373365194737436,0.3257810227761193,84.89911243512176,85.00706344819115,7.375097889851659
2,0.11240522377192974,0.32310844235490627,0.3243189877160394,84.8837566413808,84.99477919046741,8.097355256807628
3,0.09292028192430735,0.32294812503984116,0.32448102786283156,84.90832591136636,85.01934770591487,8.208863508568674
4,0.094036222435534,0.3228715020003031,0.32436333919679744,84.90525475261816,85.00092131932928,8.068956916473102
