,train_loss,test_loss,train_acc,test_acc
0,0.11311438378861373,0.11791722253713098,98.53420195439739,97.97488681223096
