,times,train_loss,test_loss,train_acc,test_acc,eta
0,0.07704338990151882,0.336352084531222,0.3217345792172292,84.40694395488191,85.45362392295996,4.434532996157872
1,0.06534101720899343,0.3294879739702672,0.31726669803321955,84.65368346845258,85.42321338063863,4.176888336227587
2,0.07268911181017756,0.32890355748613387,0.3175188098709723,84.74180472329925,85.4637607704004,3.980427071078691
3,0.07454800931736827,0.3312562059322568,0.3210688345726987,84.78586535072259,85.21033958438926,3.8992756967007893
4,0.08051954209804535,0.32875022544991706,0.3191023525467238,84.70215015861825,85.28129751647238,4.22067823728321
5,0.07022762391716242,0.32792404646916856,0.31834305906977006,84.71536834684525,85.32184490623416,3.84986829284628
6,0.0764054087921977,0.3277008195882284,0.31813891856138704,84.73739866055692,85.33198175367461,3.9502088879186092
7,0.08811884932219982,0.32773221915325856,0.31814996108697924,84.72418047232992,85.40293968575773,3.9681835019326765
8,0.08713388489559293,0.32755244034323727,0.31792039817258433,84.70215015861825,85.36239229599595,3.973114150802461
9,0.07036865083500743,0.32745236257841137,0.31772696996735383,84.72418047232992,85.38266599087683,4.573957835315113
10,0.06846427917480469,0.3274148582632689,0.31766976289519316,84.74621078604159,85.34211860111506,3.8260210971838844
11,0.07272525923326612,0.32739448126830833,0.31752278877702567,84.73299259781459,85.39280283831728,4.193176638386183
12,0.06640215124934912,0.3273743402982866,0.3175137952544508,84.71977440958759,85.38266599087683,3.771191755279102
13,0.06484975386410952,0.32736419775360637,0.3175413082173145,84.72858653507225,85.38266599087683,4.133276051019949
14,0.06920361611992121,0.32735790708294754,0.3175417552464359,84.72418047232992,85.3725291434364,4.029129362257821
15,0.06661491421982646,0.32734684217244964,0.317500565531145,84.69774409587592,85.41307653319818,4.173817433035172
16,0.06372322561219335,0.32734132906693475,0.31750856930062626,84.71536834684525,85.41307653319818,4.331666857110492
17,0.0730291991494596,0.3273412914380489,0.3175115220245718,84.72858653507225,85.38266599087683,4.168170612426164
18,0.06869003735482693,0.32733293152590837,0.3175287815049745,84.72418047232992,85.38266599087683,4.151551984877214
