,times,train_loss,test_loss,train_acc,test_acc,eta
0,4.5964148649945855,0.4957671684988416,0.49299182804486585,0.0,0.0,0.5994842503189413
1,4.604057490359992,0.4920113708702326,0.48941550312754084,0.0,0.0,0.5994842503189413
2,4.5961718442849815,0.49187293788413416,0.48918315021602893,0.0,0.0,0.5994842503189413
