,times,train_loss,test_loss,train_acc,test_acc,eta
0,4.817642976064235,0.4926780815840969,0.4901489898004064,0.0,0.0,0.16681005372000585
1,4.800619026646018,0.4923020931927905,0.4897793122470686,0.0,0.0,0.16681005372000585
2,4.851391626056284,0.4919868874953753,0.4893818131161991,0.0,0.0,0.16681005372000585
3,4.477586537133902,0.49193532669410683,0.4893059933155594,0.0,0.0,0.16681005372000585
