,times,train_loss,test_loss,train_acc,test_acc,eta
0,0.009384778328239918,0.6849690315593916,0.6839102536378818,55.59701492537314,56.08322026232474,1.113023760882849
1,0.010627862066030502,0.6732507422056968,0.6722599493969363,55.59701492537314,56.08322026232474,1.113023760882849
2,0.010972574353218079,0.31786839631941577,0.3005247974809363,87.41519674355496,87.51696065128901,1.113023760882849
3,0.011610420420765877,0.2820611010861589,0.2628679482015742,89.50701040253279,89.280868385346,1.113023760882849
4,0.011746876873075962,0.2527566406287364,0.22478202390614554,90.62641338760741,90.63772048846675,1.113023760882849
5,0.012175927869975567,0.24835695552910272,0.21991816920583143,90.89778380823157,90.86386250565354,1.113023760882849
6,0.012583892792463303,0.23568330650916128,0.19700360113909796,92.00587969244685,92.26594301221166,1.113023760882849
7,0.01319511141628027,0.2312522386959494,0.19092577849417927,92.37901402080507,92.58254183627318,1.113023760882849
8,0.013960038311779499,0.2290525801236553,0.1868139852243863,92.46947082767979,92.8991406603347,1.113023760882849
9,0.013714886270463467,0.22614252276163116,0.18055510915044598,92.35639981908639,92.67299864314789,1.113023760882849
10,0.013921012170612812,0.2257337005420385,0.1784128721255922,92.46947082767979,93.12528267752148,1.113023760882849
