,times,train_loss,test_loss,train_acc,test_acc,eta
0,0.01981934066861868,0.6097911994165044,0.6095363409200735,89.30835734870317,89.31912962682858,0.3097054730724509
1,0.016463168896734715,0.20990764227690906,0.207455163357726,89.53890489913545,89.32993366321658,0.3097054730724509
2,0.015535223297774792,0.15458330114545704,0.1514394416109225,89.59654178674351,89.41636595432054,0.3097054730724509
3,0.014045566786080599,0.13114363371100182,0.13147940468941746,90.0,89.80747207156594,0.3097054730724509
4,0.01837576413527131,0.12213248175720086,0.12515780595305517,90.43227665706051,89.92847727911148,0.3097054730724509
5,0.0182552607730031,0.1193788467262353,0.12444011224066064,90.66282420749279,89.91767324272348,0.3097054730724509
6,0.022252791095525026,0.11793862580073387,0.12352696760386478,90.835734870317,89.97817584649626,0.3097054730724509
7,0.01949117984622717,0.11754891968261552,0.12337019462638575,90.89337175792507,90.02787441388102,0.3097054730724509
8,0.017017876729369164,0.11729551807432387,0.12337111262147815,90.77809798270893,89.98033665377385,0.3097054730724509
9,0.017126891762018204,0.1172093174368159,0.12337427945247703,90.72046109510086,89.97385423194105,0.3097054730724509
