,times,train_loss,test_loss,train_acc,test_acc,eta
0,0.03393437014892697,0.6677237687112483,0.6676457201027169,89.30835734870317,89.30832559044059,0.0861773876012753
1,0.026399296708405018,0.33003400610059086,0.32971815363299345,89.30835734870317,89.31264720499578,0.0861773876012753
2,0.027950461953878403,0.2204400275430267,0.21892942515209438,89.45244956772335,89.33641608504938,0.0861773876012753
3,0.031677726190537214,0.1773378152542024,0.17519380902164777,89.53890489913545,89.38179303787895,0.0861773876012753
4,0.02735894825309515,0.15365281719904297,0.15113335316114795,89.65417867435158,89.49631582359169,0.0861773876012753
5,0.02850784780457616,0.1409638279098415,0.1384160358146196,89.82708933717579,89.62164264569243,0.0861773876012753
6,0.029273541178554296,0.13171956955849615,0.1305558803612692,89.88472622478386,89.81179368612113,0.0861773876012753
7,0.02925715781748295,0.12508633492655027,0.12656347331552334,90.28818443804035,89.86581386806111,0.0861773876012753
8,0.02850174391642213,0.12320707093066569,0.12598764993892256,90.40345821325649,89.90686920633549,0.0861773876012753
9,0.02887143101543188,0.12052229574119004,0.1254526359036822,90.57636887608069,89.93712050822187,0.0861773876012753
10,0.02816031314432621,0.11927115661664828,0.12490330171290234,90.66282420749279,89.91119082089068,0.0861773876012753
11,0.03270502109080553,0.11876157229967714,0.12454749527905908,90.69164265129683,89.92631647183387,0.0861773876012753
12,0.031058222986757755,0.11834933032705483,0.12401450977998513,90.80691642651297,89.96088938827546,0.0861773876012753
13,0.017464120872318745,0.11760920010177889,0.12336350257726933,90.80691642651297,90.00194472654984,0.0861773876012753
14,0.016262069810181856,0.11743299243172942,0.12330257397812773,90.835734870317,89.99114069016184,0.0861773876012753
15,0.016309303231537342,0.11729315327820039,0.1234480238279837,90.80691642651297,89.99978391927223,0.0861773876012753
16,0.01577568519860506,0.11722572119442484,0.12350721071327767,90.7492795389049,89.97601503921865,0.0861773876012753
