,times,train_loss,test_loss,train_acc,test_acc,eta
0,5.80837341491133,0.26858731826119475,0.2669034512993742,83.3567595035571,83.4756009031696,0.2599465236955952
1,5.6579964850097895,0.26646547437068313,0.2647056228352071,83.3551323964534,83.4743492823206,0.2599465236955952
