,times,train_loss,test_loss,train_acc,test_acc,eta
0,48.999769918154925,0.6911785989272033,0.6912900377833703,52.99634285714286,52.9014,0.023979370012757645
1,49.924594630952924,0.6887549333174162,0.6888308388310915,52.99634285714286,52.9014,0.023979370012757645
2,50.660464788321406,0.6657606961749114,0.6654442180256153,59.51694285714286,59.5448,0.023979370012757645
3,51.899385660886765,0.6376344248384084,0.6358677080417178,64.28306666666667,64.30160000000001,0.023979370012757645
