,times,train_loss,test_loss,train_acc,test_acc,eta
0,48.34824407706037,0.690743361668578,0.690848310752283,52.99634285714286,52.9014,0.0861773876012753
1,51.111598341260105,0.6774426312391234,0.6772178356477053,56.90309523809524,56.9266,0.0861773876012753
2,51.66612468007952,0.6376387815777881,0.6357938175053355,64.27131428571428,64.2782,0.0861773876012753
