,times,train_loss,test_loss,train_acc,test_acc,eta
0,48.48777875909582,0.6913028197700057,0.6914161155689593,52.99634285714286,52.9014,0.006672402148800233
1,51.1114269150421,0.6910672094516387,0.691177754012307,52.99634285714286,52.9014,0.006672402148800233
2,49.667982349637896,0.6797480407911619,0.6795193566822164,56.351038095238096,56.33,0.006672402148800233
3,51.86166786123067,0.6389641511672791,0.637779841498199,63.677571428571426,63.706,0.006672402148800233
4,52.222918815910816,0.6384533195510008,0.637058859164286,63.77730476190476,63.8138,0.006672402148800233
5,53.7344209048897,0.6377615828191135,0.6360415570576167,64.21153333333334,64.23140000000001,0.006672402148800233
