,times,train_loss,test_loss,train_acc,test_acc,eta
0,49.50047776568681,0.6893026554465308,0.6893863133427,52.99634285714286,52.9014,0.3097054730724509
1,51.81800224306062,0.6698928876200597,0.6696158948438138,58.58717142857143,58.6382,0.3097054730724509
2,51.953466791659594,0.637818303785732,0.6362238775613086,64.11486666666667,64.1186,0.3097054730724509
