,times,train_loss,test_loss,train_acc,test_acc,eta
0,0.314276983961463,0.12532523226945294,0.1266833153629135,90.08422279844821,89.94716072503512,0.1659211112453232
1,0.2893816460855305,0.10605916061693986,0.10555455444364156,90.54855373977367,90.52237308541234,0.33257209441365676
2,0.24865117110311985,0.10450189087758223,0.10361018162539413,90.64101790990773,90.60263527523243,0.279541468938575
3,0.24571226118132472,0.10403378993909293,0.10264837741402129,90.6490582725281,90.63607785432413,0.32748484966042124
4,0.21812014980241656,0.10379834126388085,0.10207236612847004,90.67719954169934,90.65614340177915,0.4477722362289671
5,0.23064878396689892,0.10371717939491584,0.10177184914653507,90.67920963235441,90.66952043341583,0.3331052049595542
6,0.2374456198886037,0.10366712313148116,0.10156427835333158,90.69529035759513,90.67620894923417,0.41094981698425304
