,times,train_loss,test_loss,train_acc,test_acc,eta
0,0.06249224580824375,0.19019489039323573,0.18248236922856842,87.97416802420292,87.81364208715948,400.0
1,0.051235754042863846,0.12356459329573949,0.1221784208286741,90.24319292529671,90.0832284020761,400.0
2,0.05478139966726303,0.11108088877025214,0.10917677965967118,90.51663951594135,90.41491354688124,400.0
3,0.05485271196812391,0.10948401986241152,0.10714408282179015,90.52827554107517,90.40877122938485,400.0
4,0.06367637775838375,0.10920803865255131,0.10673443130040852,90.57481964161043,90.4486962931114,400.0
5,0.0555277350358665,0.10906955353370588,0.10646409975048146,90.5573656039097,90.45176745185958,400.0
6,0.06001645000651479,0.10901148565048484,0.1063332322903838,90.5631836164766,90.45790976935598,400.0
