,times,train_loss,test_loss,train_acc,test_acc,eta
0,22.673248952720314,0.46396152956581327,0.4568060346668486,78.99004444444444,78.9848,0.45610369153138275
1,22.44596879510209,0.46018146936417,0.4548836347931146,79.13064444444444,79.1414,0.47034611183008934
2,22.000315598212183,0.4593200393287691,0.45292502882992314,79.18624444444444,79.1758,0.4607009955861419
3,22.360023748129606,0.4592384700837737,0.45278426266694194,79.18873333333333,79.1948,0.45497171287770377
