,times,train_loss,test_loss,train_acc,test_acc,eta
0,21.36297711264342,0.4921359455730579,0.48931673441431744,0.0,0.0,3.1609182482282505
1,10.134086889214814,0.49186990094149885,0.48920205205985867,0.0,0.0,3.1609182482282505
