,times,train_loss,test_loss,train_acc,test_acc,eta
0,4.947465319186449,0.49189780706929537,0.48921888058410135,0.0,0.0,2.4473842035271822
