,times,train_loss,test_loss,train_acc,test_acc,eta
0,10.254062564112246,0.4919407498598427,0.4892517138931538,0.0,0.0,1.8949207063585731
