,times,train_loss,test_loss,train_acc,test_acc,eta
0,4.870920764282346,0.49198460333682403,0.4893509229363364,0.0,0.0,4.08248290463863
1,15.370748555287719,0.49339768255228184,0.4903903778296211,0.0,0.0,4.08248290463863
2,5.383862647227943,0.49187140859995543,0.48915511874309936,0.0,0.0,4.08248290463863
