,times,train_loss,test_loss,train_acc,test_acc,eta
0,0.26515370002016425,0.14441283069741057,0.1462293883945133,89.48119560192164,89.3585713330212,0.04617655804696554
1,0.23498248727992177,0.10903349157507743,0.10950099752057062,90.51237210798207,90.5290616012307,0.21144928788120043
2,0.24026470072567463,0.10533278496710277,0.10482184101615116,90.62091700335685,90.58256972777741,0.29394377908861447
3,0.22939274972304702,0.10428958279439751,0.1030761413367442,90.63900781925265,90.63607785432413,0.37760331729987645
4,0.2623977717012167,0.10401131743945655,0.10254593618709748,90.65910872580353,90.64276637014247,0.23112539936627982
5,0.2127716070972383,0.10382676191921274,0.10211493810101012,90.67518945104425,90.66283191759749,0.33504858136552473
6,0.22198616294190288,0.10374607668924217,0.10185962023929383,90.67518945104425,90.66283191759749,0.2767618780037802
7,0.22123824898153543,0.10368488097029666,0.1016276871207462,90.6832298136646,90.66952043341583,0.3799470432973601
