,times,train_loss,test_loss,train_acc,test_acc,eta
0,0.20968250604346395,0.10992565962445404,0.11043494759644616,90.43598866308871,90.40866831650057,0.1659211112453232
1,0.2602778929285705,0.12482530626306146,0.12491604808462327,90.42392811915818,90.44211089559226,0.3775345117821545
2,0.24737262818962336,0.10910905246288709,0.10908580414228722,90.63699772859756,90.58925824359575,0.30021993957398396
3,0.20201462786644697,0.10539703923488851,0.10454489411804972,90.66714908842388,90.63607785432413,0.27337250726376994
4,0.24543385300785303,0.10414563439598207,0.10286935287533897,90.66312890711372,90.64276637014247,0.43776067260990925
5,0.24241012195125222,0.10383469078346304,0.10220021858568286,90.67719954169934,90.66283191759749,0.32016888816593614
6,0.2484819800592959,0.1037130565162807,0.10181483871463926,90.68926008562985,90.68958598087085,0.4049996766980179
7,0.2394273802638054,0.10366025238543694,0.10158954001772526,90.68926008562985,90.6828974650525,0.40962924988208854
