,times,train_loss,test_loss,train_acc,test_acc,eta
0,0.06314808782190084,0.11493386945116812,0.11417853987026502,90.5313461849992,90.13050245440397,400.0
1,0.07219578791409731,0.10875143184897043,0.11087003191752104,90.60829418435121,90.278165782017,400.0
2,0.06254722969606519,0.10628424103586981,0.1073681219657438,90.6933419731087,90.33802929321148,400.0
3,0.06976391887292266,0.10581647899644596,0.10684011354985287,90.7257411307306,90.36995649918187,400.0
4,0.07481320574879646,0.1055956767097945,0.10662452670555014,90.73384092013607,90.38192920142076,400.0
5,0.06754340883344412,0.105531128319151,0.10644984370260943,90.74194070954155,90.40986550664485,400.0
