,train_loss,test_loss,train_acc,test_acc
0,0.09056191600284784,0.13864187952247842,99.07780979827089,97.57341342725643
