,times,train_loss,test_loss,train_acc,test_acc,eta
0,0.15322002489119768,0.3313519549643181,0.3309638818937293,84.89604127637358,84.95792641729624,1.86780516892459
1,0.12152759172022343,0.32379749151527576,0.3243460157731601,84.91446822886275,84.95178428843437,1.7197852316879312
2,0.11892218794673681,0.323694012104425,0.32423502808532617,84.90525475261816,84.93950003071065,1.7372928449235712
3,0.12079083593562245,0.32365337355402013,0.3242050717532781,84.89911243512176,84.99477919046741,1.8151682504879114
