,train_loss,test_loss,train_acc,test_acc
0,0.19893643909085898,0.19893796052198193,88.03855801481966,87.82147387844539
