,times,train_loss,test_loss,train_acc,test_acc,eta
0,25.91879408294335,0.3496427137093068,0.3479546824283498,0.0,0.0,0.4467907162353616
