,times,train_loss,test_loss,train_acc,test_acc,eta
0,0.03645035019144416,0.16954174468155633,0.16118624778692933,90.0896008688569,89.59724417809028,400.0
1,0.03443653602153063,0.11855909619023454,0.12410467590510849,90.6733641053489,89.97003515560485,400.0
2,0.03293783124536276,0.1130771508368958,0.11871319819375876,90.64621232690742,90.0762098010995,400.0
3,0.03174305194988847,0.11082739804661063,0.11715200321122266,90.7683953298941,90.16822782719487,400.0
4,0.032634392846375704,0.1102330112159097,0.11628289669873312,90.86342655443931,90.18238444659416,400.0
5,0.03524892870336771,0.11000075410333734,0.11599295459191278,90.7955471083356,90.19654106599344,400.0
6,0.028346863109618425,0.10989407334986145,0.11576821106625328,90.83627477599782,90.19654106599344,400.0
7,0.03077669581398368,0.10984181593005173,0.11566232915040485,90.82269888677709,90.18710331972724,400.0
