,times,train_loss,test_loss,train_acc,test_acc,eta
0,21.123149145394564,0.2670777842663786,0.26546356159224604,83.3645195528209,83.4816086832448,0.4928026486510541
