,times,train_loss,test_loss,train_acc,test_acc,eta
0,18.940724477171898,0.3481993556695325,0.3475404962193844,0.0,0.0,0.4830190562843081
