,times,train_loss,test_loss,train_acc,test_acc,eta
0,0.05254590976983309,0.33296268901224063,0.3274338294150103,84.46583850931677,84.7700625721402,0.15715425477090325
1,0.05227224109694362,0.3416251493705701,0.33750434217766856,84.43478260869566,84.77613753720917,0.236711678439523
2,0.05062954127788544,0.3291089387394337,0.324553194864565,84.79503105590062,84.95838648927769,0.20964103756618938
3,0.05006883619353175,0.3278512582865021,0.32345878597229444,84.82608695652173,85.00091124476035,0.23199236507135979
4,0.05197990080341697,0.3273042835989472,0.323057490071121,84.84472049689441,84.97661138448454,0.18371129547484558
5,0.05000918172299862,0.32719228432333974,0.32299552093007133,84.84472049689441,84.96446145434663,0.21831416560455555
6,0.05583488009870052,0.3271340750414643,0.3230384382255992,84.84472049689441,84.91586173379503,0.22107177652643992
