,times,train_loss,test_loss,train_acc,test_acc,eta
0,0.10548906493932009,0.5857281929739595,0.5852526618059104,89.30649290202467,89.35843493750193,0.0861773876012753
1,0.118031304795295,0.19650461390191395,0.1936424157524461,89.4170351407959,89.41678695371763,0.0861773876012753
2,0.06558593735098839,0.14616425133028954,0.14188531141562036,89.45776122876426,89.61026995485396,0.0861773876012753
3,0.07027859799563885,0.12575302203737393,0.12224353071788856,89.92320223411683,90.00644943337122,0.0861773876012753
4,0.07047925982624292,0.11481615766009749,0.11223398065562012,90.31882708866651,90.29206719695341,0.0861773876012753
5,0.07047042110934854,0.11137491166178129,0.10916871785489207,90.41773330230393,90.39955775314026,0.0861773876012753
6,0.07058716518804431,0.11040891517438707,0.10828878235034133,90.52827554107517,90.39034427689568,0.0861773876012753
7,0.08276961697265506,0.1098553319053605,0.10762717501758011,90.50500349080754,90.41798470562944,0.0861773876012753
8,0.09088785387575626,0.1093574292373542,0.10687089620856757,90.5515475913428,90.442553975615,0.0861773876012753
9,0.0706896586343646,0.10914235200256636,0.10655545161571033,90.5515475913428,90.442553975615,0.0861773876012753
10,0.07877025799825788,0.10902352882251627,0.1061831474349644,90.57481964161043,90.46098092810418,0.0861773876012753
