,train_loss,test_loss,train_acc,test_acc
0,0.5574211380404654,0.5898834654114741,71.75,63.5
