,times,train_loss,test_loss,train_acc,test_acc,eta
0,0.06342530809342861,0.3474326320870497,0.3403923353087001,84.27329192546584,84.94016159407083,2.2662698501194622
1,0.06525392411276698,0.3282956663747028,0.3230073405181405,84.68944099378882,84.96446145434663,2.0591014644216408
2,0.06274448614567518,0.3299967574835232,0.3262692869037254,84.7639751552795,84.81866229269181,1.9554586050352685
3,0.06342595675960183,0.32721908538191646,0.3233154003669375,84.83229813664596,84.94016159407083,2.0329569335874194
4,0.06597957294434309,0.3274421319655439,0.32444589102626953,84.7888198757764,84.95838648927769,1.943384573218383
5,0.06368451379239559,0.3271958952131776,0.32394345691209975,84.78260869565217,84.99483627969138,2.0900519357165144
6,0.07856368878856301,0.3271633698638579,0.3235692228711561,84.84472049689441,84.9705364194156,1.9995430706931716
7,0.06180845573544502,0.32711728029709847,0.3234250575391327,84.83229813664596,84.9705364194156,1.838355077367262
