,times,train_loss,test_loss,train_acc,test_acc,eta
0,2.396057281177491,0.15711101297867133,0.16290250681952068,90.034375,89.6175,0.9999999999999999
1,2.660061276052147,0.1490355399289821,0.1541716451949935,90.108125,89.685,0.9999999999999999
2,2.3506029997952282,0.14612936592624273,0.1522457446033426,90.48625,90.07,0.9999999999999999
3,2.7937036589719355,0.14532440255648707,0.15140155225637644,90.4475,90.005,0.9999999999999999
4,2.656215528026223,0.14514708512408853,0.1513753790406127,90.3875,89.9375,0.9999999999999999
