,times,train_loss,test_loss,train_acc,test_acc,eta
0,2.4981472459621727,0.17553372358168848,0.1821063667552162,90.034375,89.6175,0.07742636826811272
1,2.861208747141063,0.17212772540435892,0.17861111043890848,90.034375,89.6175,0.07742636826811272
2,2.8238886748440564,0.15206689567971335,0.1574152202313215,90.080625,89.6725,0.07742636826811272
3,2.789584925863892,0.14608304832258953,0.151307572063038,90.271875,89.8575,0.07742636826811272
4,2.618863448034972,0.14552608440481568,0.15120466827685192,90.33,89.895,0.07742636826811272
5,3.0893859420903027,0.1453197064981165,0.1513830282220991,90.388125,89.9475,0.07742636826811272
6,2.909390321932733,0.14514892730297335,0.15126886417841773,90.395,89.955,0.07742636826811272
