,times,train_loss,test_loss,train_acc,test_acc,eta
0,2.6254981188103557,0.16909530455087554,0.1754717732353559,90.034375,89.6175,0.27825594022071226
1,2.6892233793623745,0.1592470137609516,0.16525020948188948,90.034375,89.6175,0.27825594022071226
2,2.578370242845267,0.1468072156217535,0.1517121813650912,90.258125,89.8425,0.27825594022071226
3,2.761498926207423,0.14531146291875063,0.1512382649257027,90.3825,89.94,0.27825594022071226
4,2.663249738048762,0.14515384969386494,0.15130931405086367,90.395,89.96000000000001,0.27825594022071226
