,times,train_loss,test_loss,train_acc,test_acc,eta
0,24.98714764183387,0.2705125907349964,0.2727128222458088,89.34875,89.175,0.6666666666666666
1,9.510050232987851,0.2647397181442255,0.26736487266841436,89.65375,89.42099999999999,0.6666666666666666
2,17.301570957060903,0.2600084147285129,0.262670194912951,89.85275,89.576,0.6666666666666666
3,9.530093872919679,0.2589934752821742,0.26167731871866773,89.89825,89.631,0.6666666666666666
4,10.03420121408999,0.2583447846551631,0.2609797944489623,89.93,89.66499999999999,0.6666666666666666
5,16.754797927569598,0.2570618404935454,0.25964038696401426,89.98425,89.754,0.6666666666666666
6,9.702430416829884,0.25686321717378613,0.2593837668501534,90.0035,89.769,0.6666666666666666
7,17.082336701918393,0.2564127413166336,0.25886038470217304,90.033,89.767,0.6666666666666666
8,38.999935501720756,0.25615805016267024,0.25845458202583993,90.07275,89.784,0.6666666666666666
9,16.545924983918667,0.25605311683996446,0.25833253448609844,90.06475,89.78999999999999,0.6666666666666666
10,17.263390704989433,0.2559764055587973,0.25823039908225515,90.07300000000001,89.8,0.6666666666666666
11,17.42738821078092,0.2559093662356936,0.25814061430043717,90.07425,89.8,0.6666666666666666
12,9.537664837669581,0.2558886684221264,0.25810830606283497,90.07525,89.804,0.6666666666666666
13,9.597363017965108,0.2558711613492612,0.2580812698847296,90.071,89.80799999999999,0.6666666666666666
14,24.61581329908222,0.25580872173136626,0.25797771030500655,90.0705,89.799,0.6666666666666666
