,times,train_loss,test_loss,train_acc,test_acc,eta
0,0.2392240040935576,0.13676545107479607,0.1377182523773776,89.82693119459688,89.67293157648318,0.06970411127625188
1,0.2576076383702457,0.1074959822706182,0.10758284972253551,90.50835192667189,90.50899605377566,0.23920085673673003
2,0.2482279189862311,0.10480111346079977,0.10417339971020902,90.62091700335685,90.59594675941409,0.3538568767613826
3,0.3477908899076283,0.10420701263362103,0.10300110477741316,90.647048181873,90.62938933850579,0.2695394579155401
4,0.21115330699831247,0.103907127989045,0.10229974550634528,90.66312890711372,90.64945488596081,0.3469376317338104
5,0.25501289032399654,0.10376362297128988,0.10192961168639111,90.66915917907897,90.66283191759749,0.3837067398698652
6,0.29324504686519504,0.10367586230376627,0.10158095881986416,90.68724999497478,90.68958598087085,0.5543986006033236
