,times,train_loss,test_loss,train_acc,test_acc,eta
0,0.15811472479254007,0.6039768050764371,0.6040358880812746,89.32641862147983,89.28499765901947,0.023979370012757645
1,0.17624829523265362,0.2027369782770014,0.20352178126171308,89.42491306357917,89.39870242793124,0.023979370012757645
2,0.1602966459468007,0.14785633589793812,0.14911470277501757,89.51536714305816,89.492341649388,0.023979370012757645
3,0.17762518674135208,0.1264907078763294,0.12772323454332513,89.88522382359444,89.83345595612333,0.023979370012757645
4,0.1680467650294304,0.11565493783334661,0.11622654494265787,90.1384952461356,90.06086549394689,0.023979370012757645
5,0.18605604395270348,0.10872562424261183,0.10832548865453782,90.46815011357012,90.45548792722894,0.023979370012757645
6,0.1883487650193274,0.1070556331560361,0.106333290597556,90.51840237994733,90.53575011704902,0.023979370012757645
7,0.19603688782081008,0.10527245412544624,0.1041606973127378,90.59277573418561,90.56919269614073,0.023979370012757645
8,0.2088707573711872,0.10482099996882371,0.10344730445483642,90.63297754728738,90.59594675941409,0.023979370012757645
9,0.1973751811310649,0.10435925519512351,0.10256817384748404,90.65307845383826,90.62270082268745,0.023979370012757645
10,0.19856056105345488,0.10408700961733452,0.10206324557642096,90.67116926973407,90.64945488596081,0.023979370012757645
11,0.2089677108451724,0.10394545739703706,0.10184037641384756,90.68523990431969,90.67620894923417,0.023979370012757645
12,0.20090437680482864,0.10385144966445012,0.10172426354979316,90.68724999497478,90.67620894923417,0.023979370012757645
13,0.19959143223240972,0.10376128563540529,0.10155784738585755,90.68926008562985,90.67620894923417,0.023979370012757645
14,0.1981709972023964,0.10369336015591404,0.1014505402401997,90.69730044825022,90.68958598087085,0.023979370012757645
