,times,train_loss,test_loss,train_acc,test_acc,eta
0,0.22836085688322783,0.29337827139086853,0.2938575855472949,89.42692315423426,89.3920139121129,0.3097054730724509
1,0.1746758222579956,0.12705976180997228,0.12805324318309577,89.90130454883516,89.82007892448665,0.3097054730724509
2,0.17852835496887565,0.10703964052984935,0.10712425439684051,90.5264427425677,90.48893050632064,0.3097054730724509
3,0.18064131075516343,0.10451269618386745,0.10279022132367376,90.63900781925265,90.62270082268745,0.3097054730724509
4,0.17068839678540826,0.10966735624235943,0.10922953722263963,90.35759512754025,90.35516018995385,0.3097054730724509
5,0.17160246009007096,0.10498072488745501,0.10165820151317816,90.74956280528252,90.70296301250752,0.3097054730724509
6,0.17384297773241997,0.10371319355027063,0.1010547764497187,90.71137108283584,90.67620894923417,0.3097054730724509
7,0.20157467620447278,0.10363779956129537,0.10105627925149789,90.69529035759513,90.69627449668918,0.3097054730724509
