,times,train_loss,test_loss,train_acc,test_acc,eta
0,0.1488136388361454,0.4615235938165171,0.46172363361425983,89.34048925606545,89.2916861748378,0.0861773876012753
1,0.16440333984792233,0.15673402476588116,0.15777788225014544,89.40883233833846,89.36525984883954,0.0861773876012753
2,0.1720558451488614,0.12006537661223673,0.12103179394960334,90.05005125731171,90.00066885158184,0.0861773876012753
3,0.17464392632246017,0.10790319897954265,0.10783252169262975,90.46815011357012,90.40866831650057,0.0861773876012753
4,0.18217400508001447,0.10480181968384172,0.10333918526259347,90.65709863514844,90.63607785432413,0.0861773876012753
5,0.19211631594225764,0.10402158225492467,0.1021506105933335,90.66312890711372,90.64945488596081,0.0861773876012753
6,0.18056805385276675,0.10383139688999443,0.10172515814455241,90.68523990431969,90.66283191759749,0.0861773876012753
7,0.17700086208060384,0.10369691183954487,0.10141360297470699,90.68926008562985,90.6828974650525,0.0861773876012753
