,times,train_loss,test_loss,train_acc,test_acc,eta
0,0.7695312858559191,0.32563628142260614,0.32501911810961187,78.95284964570868,79.14726782651312,1.4315521808452811
1,0.2830915809608996,0.3253007783607874,0.32467717494547066,78.96714381981172,79.14726782651312,1.4315521808452811
2,1.2069836789742112,0.32502773734442947,0.32392604766468613,79.04065671519879,79.13909989381688,1.4315521808452811
