,times,train_loss,test_loss,train_acc,test_acc,eta
0,1.8092197231017053,0.6856090579804317,0.6858247547511965,79.27606901725431,78.5,0.3097054730724509
1,2.7324175173416734,0.24124978691519156,0.26736813076453725,92.94823705926481,90.2,0.3097054730724509
2,3.1580279702320695,0.14239316789705106,0.16451015886713813,98.4558639659915,94.525,0.3097054730724509
3,3.7234452422708273,0.12742407988342402,0.1410268877259157,99.54988747186796,95.575,0.3097054730724509
4,4.22713314788416,0.12528647012844785,0.13933679815201294,99.70617654413603,95.65,0.3097054730724509
5,4.64082329114899,0.12421130942865798,0.13693927305051512,99.84996249062266,95.975,0.3097054730724509
6,5.4130108202807605,0.123935916852185,0.1375855427106661,99.84996249062266,96.025,0.3097054730724509
7,5.7075888607650995,0.12384631046360815,0.13727678069539567,99.85621405351338,96.05,0.3097054730724509
