,times,train_loss,test_loss,train_acc,test_acc,eta
0,0.17189973127096891,0.33269908153422667,0.33037477138251115,84.74555449771199,84.82279958233524,0.0568636857434709
1,0.16314574284479022,0.32448651805316986,0.32458333502318154,84.83461810140966,84.94564215957251,0.1253989385550067
2,0.11151720583438873,0.3239960313676229,0.3241584701933318,84.85304505389884,84.97635280388182,0.13710823663488592
3,0.11343209398910403,0.3238681854410151,0.32407026886089946,84.8745431651362,85.00706344819115,0.10974221078773262
4,0.10500298207625747,0.32379249120633097,0.32405194448011926,84.86532968889162,85.00706344819115,0.11019959844182545
5,0.10610301094129682,0.3237292821006355,0.32405350615532436,84.87147200638802,85.01320557705301,0.14175629622240435
6,0.16459192987531424,0.3236864545775731,0.32405265024961766,84.86532968889162,84.97635280388182,0.1490477144074413
