,times,train_loss,test_loss,train_acc,test_acc,eta
0,0.10041497927159071,0.5492294048008192,0.5498667282885918,89.47837356228737,89.20062258051642,0.0861773876012753
1,0.0956237269565463,0.1786867173752734,0.181006670590974,89.5877207192613,89.2604860917109,0.0861773876012753
2,0.08393728593364358,0.13397690601047912,0.13671260289250303,89.8995626113721,89.58374905216107,0.0861773876012753
3,0.09229187527671456,0.11701220144984872,0.11994664408789146,90.2316539769966,89.91898471485014,0.0861773876012753
4,0.08355391398072243,0.10957088576539555,0.11214062961663397,90.51109671148551,90.16642056112065,0.0861773876012753
5,0.08496389677748084,0.10732507057918114,0.10908815859351727,90.63664344727037,90.278165782017,0.0861773876012753
6,0.0974839418195188,0.10636162120623839,0.10750379789647473,90.71764134132512,90.31807478948,0.0861773876012753
7,0.1099805892445147,0.10571686489360256,0.10656341159052747,90.7257411307306,90.36197469768926,0.0861773876012753
8,0.0983923077583313,0.10555037522765724,0.10617706329074454,90.7378908148388,90.39789280440596,0.0861773876012753
9,0.10360515816137195,0.10549208162730303,0.10606404615634031,90.72979102543334,90.39789280440596,0.0861773876012753
