,times,train_loss,test_loss,train_acc,test_acc,eta
0,0.09455174999311566,0.6453239174470826,0.6455318483729879,89.46217398347643,89.19264077902383,0.023979370012757645
1,0.09677622187882662,0.25758022536371183,0.2596743443693495,89.53102219342297,89.2564951909646,0.023979370012757645
2,0.10784509219229221,0.17592632749300952,0.17856747098629216,89.56747124574761,89.2205770842479,0.023979370012757645
3,0.09824185818433762,0.14531657472136422,0.14818541481946884,89.61606998218046,89.31236780141278,0.023979370012757645
4,0.10373960295692086,0.1283629964560598,0.13125687138292128,90.00080997894055,89.70347607455003,0.023979370012757645
5,0.1342430990189314,0.11817033085609228,0.1207932350830883,90.20330471407743,89.87508480664086,0.023979370012757645
6,0.10718626901507378,0.112398102298569,0.11489938119527902,90.43009881743075,90.03072993574649,0.023979370012757645
7,0.10926221311092377,0.11009024397176324,0.11238520751966544,90.49894702737728,90.16642056112065,0.023979370012757645
8,0.10623149015009403,0.10908681788330375,0.11123731937459191,90.57184513202657,90.21830227082252,0.023979370012757645
9,0.11728096706792712,0.10824601492903806,0.11016695505638664,90.63259355256763,90.2622021790318,0.023979370012757645
10,0.12112570274621248,0.10741370537868854,0.10908372550530597,90.65689292078406,90.2861475835096,0.023979370012757645
11,0.11864105192944407,0.10695970708358297,0.1083888454299717,90.67309249959501,90.2981202857485,0.023979370012757645
12,0.12229873985052109,0.10642906950910579,0.10772462452180348,90.69739186781143,90.31807478948,0.023979370012757645
13,0.11620145291090012,0.10617807392470305,0.10733690332277508,90.72169123602787,90.35798379694297,0.023979370012757645
14,0.12717052083462477,0.10601041946263712,0.10710679210169695,90.7257411307306,90.38592010216706,0.023979370012757645
15,0.12811225419864058,0.10581022324096252,0.10670015786461587,90.72979102543334,90.40188370515226,0.023979370012757645
16,0.09740116307511926,0.10569992423426684,0.10636337654787653,90.72979102543334,90.39789280440596,0.023979370012757645
17,0.1267393659800291,0.10563313079537007,0.10618189760808647,90.71359144662239,90.37793830067446,0.023979370012757645
18,0.175535733345896,0.10558542056662161,0.10606372184665773,90.7378908148388,90.39390190365965,0.023979370012757645
19,0.18523619696497917,0.1055451389646449,0.1060719675865034,90.74194070954155,90.39789280440596,0.023979370012757645
