,times,train_loss,test_loss,train_acc,test_acc,eta
0,0.13561201374977827,0.37876532090152515,0.3802030374726557,89.48647335169285,89.20860438200901,0.3097054730724509
1,0.15708332089707255,0.14189451912189818,0.14470050246378147,89.70516766564069,89.43209482380173,0.3097054730724509
2,0.1565316691994667,0.11317063227815446,0.1163031072340107,90.41794913332254,90.09458434768727,0.3097054730724509
3,0.15958546567708254,0.10714408880972061,0.109472843834193,90.66499271018954,90.2941293850022,0.3097054730724509
4,0.09067820524796844,0.10599795581666842,0.10626961631237274,90.74194070954155,90.38192920142076,0.3097054730724509
5,0.10694871237501502,0.10557223547848292,0.10611827465260551,90.73384092013607,90.40587460589855,0.3097054730724509
6,0.09666558308526874,0.10550826689975822,0.10616494637000871,90.7378908148388,90.39390190365965,0.3097054730724509
