,times,train_loss,test_loss,train_acc,test_acc,eta
0,0.08737658569589257,0.5080200293294616,0.5038572647529993,75.66459627329192,76.1679120345058,0.3097054730724509
1,0.051942283753305674,0.36637835718955813,0.3621094731115782,83.03105590062111,83.32422088572991,0.3097054730724509
2,0.05765889026224613,0.3313751295984869,0.32410256034456797,84.41614906832298,84.86118704817447,0.3097054730724509
3,0.048753099981695414,0.3292399894345407,0.3224773139726525,84.6024844720497,84.97661138448454,0.3097054730724509
4,0.0510493996553123,0.328420531799414,0.3223639860383565,84.77639751552795,84.96446145434663,0.3097054730724509
5,0.050192421302199364,0.32764173431486393,0.32262065491281644,84.71428571428571,84.95838648927769,0.3097054730724509
6,0.05446852697059512,0.32730580811589377,0.3229779456808435,84.77639751552795,84.9705364194156,0.3097054730724509
7,0.05227469466626644,0.3297144203919017,0.3264103271295651,84.82608695652173,84.89156187351922,0.3097054730724509
8,0.05816997913643718,0.32714028403188905,0.32370584049905315,84.83229813664596,84.97661138448454,0.3097054730724509
