,train_loss,test_loss,train_acc,test_acc
0,0.5518204319593373,0.5673141247877199,81.92771084337349,66.66666666666666
