,train_loss,test_loss,train_acc,test_acc
0,0.07025021991105955,0.06825885851330901,0.0,0.0
