,train_loss,test_loss,train_acc,test_acc
0,0.6377502080267851,0.6360256474163662,64.26995238095238,64.2936
