,train_loss,test_loss,train_acc,test_acc
0,0.08678958620802182,0.15326739287036942,99.31368591037545,97.28803520054154
