,times,train_loss,test_loss,train_acc,test_acc,eta
0,1.2728921519592404,0.37401950101016873,0.3802124784776622,0.0,0.0,0.1357442707646137
1,1.1675578048452735,0.36314548851160383,0.36922459476485286,0.0,0.0,0.1357442707646137
2,1.210742342285812,0.36214124315660884,0.36880516072456965,0.0,0.0,0.1357442707646137
