,times,train_loss,test_loss,train_acc,test_acc,eta
0,5.765179525129497,0.29468921387233166,0.2968137821351491,87.727,87.549,0.6666666666666666
1,11.227842635475099,0.26224298249210237,0.2670585843625986,89.61925,89.385,0.6666666666666666
2,5.781411903910339,0.259429770524965,0.2643853039703258,89.733,89.463,0.6666666666666666
3,11.197079183533788,0.25581968019027196,0.2620404375636804,89.91499999999999,89.646,0.6666666666666666
4,27.829941770993173,0.25466182583052127,0.26149554062454455,89.98775,89.733,0.6666666666666666
5,11.47595108859241,0.2535344411378849,0.2601064022485707,90.01975,89.761,0.6666666666666666
6,11.479429439641535,0.25293806059990426,0.25929714830060113,90.03825,89.775,0.6666666666666666
7,11.547026094049215,0.2525486842079838,0.25874252834887324,90.05225,89.774,0.6666666666666666
8,5.9179936377331614,0.25244766525239193,0.25860618403159313,90.062,89.778,0.6666666666666666
9,5.945144695229828,0.2523628106095524,0.25850340698211677,90.066,89.764,0.6666666666666666
10,17.03498340304941,0.25208306368904676,0.2580930375931454,90.0825,89.801,0.6666666666666666
11,11.471582860685885,0.2519883417363016,0.2580157635028753,90.082,89.79599999999999,0.6666666666666666
12,5.922671892680228,0.2519492945044557,0.2579983886346106,90.08025,89.792,0.6666666666666666
13,6.018753862939775,0.25191621639675227,0.257981100893965,90.07475,89.798,0.6666666666666666
14,17.131462117657065,0.25180175782431147,0.2579129756284594,90.07175,89.807,0.6666666666666666
15,22.394193983636796,0.2517532836364644,0.2578771892000022,90.07325,89.805,0.6666666666666666
16,16.9145283466205,0.2517223300937056,0.25785013551599684,90.07300000000001,89.803,0.6666666666666666
17,11.36741463188082,0.25170229915325665,0.2578326426225268,90.0745,89.80199999999999,0.6666666666666666
18,5.88333579711616,0.2516917242749755,0.2578257222052486,90.072,89.799,0.6666666666666666
19,11.408607136458158,0.25167002571081526,0.2578080250277183,90.07225,89.8,0.6666666666666666
20,5.972879053093493,0.25166187575729104,0.2578021008732937,90.0725,89.80199999999999,0.6666666666666666
21,22.417635462246835,0.25163136614323617,0.25778028441976286,90.0805,89.811,0.6666666666666666
