,times,train_loss,test_loss,train_acc,test_acc,eta
0,0.2658989941701293,0.17196730587606207,0.17246178865662334,88.46810991175703,88.41549060263527,0.04172588823735032
1,0.22257726173847914,0.11177801248921124,0.11237115183386932,90.32342358640375,90.27489800013377,0.1309673779406573
2,0.22357579739764333,0.106116397387831,0.1059978481555533,90.57267482763473,90.56250418032239,0.2431456212550835
3,0.2422687029466033,0.10453267869227768,0.10340470675013604,90.63900781925265,90.62270082268745,0.35216898953179787
4,0.24739493476226926,0.10407479329447435,0.10274954290107463,90.647048181873,90.63607785432413,0.31100809207509805
5,0.23370396485552192,0.10385240655733612,0.10216446276370711,90.67116926973407,90.66283191759749,0.36557290378474694
6,0.28446305310353637,0.10374706635136742,0.10186341731319497,90.66915917907897,90.65614340177915,0.3121010982665284
7,0.4219450522214174,0.10369140390228648,0.10165710838405104,90.6832298136646,90.67620894923417,0.32657721977910126
