,times,train_loss,test_loss,train_acc,test_acc,eta
0,5.142907693982124,0.49191291027770395,0.4892374396100721,0.0,0.0,83.59870527090017
