,times,train_loss,test_loss,train_acc,test_acc,eta
0,0.6281584482640028,0.19526416039088554,0.1873752708044768,0.0,0.0,1.0635419747515422
1,0.964791270904243,0.18731090971631742,0.17714868056604577,0.0,0.0,1.0635419747515422
2,0.748666322324425,0.18611596199888591,0.1737182968563569,0.0,0.0,1.0635419747515422
3,1.0241578328423202,0.185794284459536,0.17016158733376302,0.0,0.0,1.0635419747515422
