,times,train_loss,test_loss,train_acc,test_acc,eta
0,0.10248578106984496,0.33338483012711806,0.3314121149443254,84.65956205276251,84.74295190713102,0.6666666666666666
1,0.10177385713905096,0.3251142913861815,0.324518486906205,84.77319492644575,85.17904305632332,0.6666666666666666
2,0.09995098877698183,0.32435748376063195,0.32429083854078306,84.8131199901723,85.06848473680978,0.6666666666666666
3,0.10044364025816321,0.3241028998886536,0.32422030103173793,84.8745431651362,85.02548983477674,0.6666666666666666
4,0.09064679127186537,0.3240539004568573,0.32414388462116206,84.85918737139522,85.02548983477674,0.6666666666666666
5,0.0950038330629468,0.3240033832855629,0.3241222035081548,84.83461810140966,85.04391622136232,0.6666666666666666
6,0.10615095170214772,0.3238631043729795,0.3240684308004972,84.8806854826326,85.00706344819115,0.6666666666666666
7,0.09955636458471417,0.323828756168093,0.3240839565389385,84.8837566413808,84.98249493274369,0.6666666666666666
8,0.09284823900088668,0.3238111780627821,0.324086268812305,84.8837566413808,84.98863706160556,0.6666666666666666
9,0.15486463299021125,0.3237584906756007,0.32408929433531025,84.8745431651362,85.00706344819115,0.6666666666666666
10,0.09622358018532395,0.3237469053498747,0.32408771901714906,84.8776143238844,85.01320557705301,0.6666666666666666
11,0.10543513437733054,0.3237139228410232,0.32408120308172766,84.8776143238844,85.00092131932928,0.6666666666666666
12,0.09793389402329922,0.3236997936691246,0.3240814374177999,84.8776143238844,84.98249493274369,0.6666666666666666
13,0.09269555890932679,0.3236889045086006,0.3240821222930448,84.8806854826326,84.98863706160556,0.6666666666666666
