,times,train_loss,test_loss,train_acc,test_acc,eta
0,0.04551386088132858,0.562375905693806,0.5588917346784719,75.74021854071202,76.33046122655854,0.0861773876012753
1,0.04929488059133291,0.4098171614607622,0.40284180675527564,80.35336623193514,81.1657374556513,0.0861773876012753
2,0.049925001338124275,0.36048795369790354,0.35191551627863293,82.98378568910822,83.91282311201216,0.0861773876012753
3,0.050550561398267746,0.3350954049195578,0.32378946143922166,84.09851956291857,85.05828687278256,0.0861773876012753
4,0.05136252474039793,0.3290671954475069,0.3179485892162322,84.50387733521325,85.25088697415104,0.0861773876012753
5,0.05266044568270445,0.32788348812146795,0.3172775670119381,84.68011984490659,85.3522554485555,0.0861773876012753
6,0.05344591103494167,0.32744881313836355,0.3172876820667985,84.69333803313359,85.42321338063863,0.0861773876012753
7,0.05479183327406645,0.32707234013079073,0.31738679830476496,84.74621078604159,85.49417131272175,0.0861773876012753
8,0.05488350987434387,0.326708270914266,0.31758992117784635,84.73299259781459,85.36239229599595,0.0861773876012753
9,0.055827115662395954,0.32644923313455954,0.31794270638674005,84.71977440958759,85.33198175367461,0.0861773876012753
10,0.05638498906046152,0.32628029387139806,0.318209850083289,84.73739866055692,85.33198175367461,0.0861773876012753
11,0.05666243936866522,0.32619022571042017,0.31823595312005115,84.72418047232992,85.38266599087683,0.0861773876012753
12,0.05654431600123644,2.3855657089661086,2.2575513878230655,78.20761367641876,79.10795742524076,0.0861773876012753
13,0.05683859717100859,0.3331723954861342,0.32736980344015637,84.43338033133591,85.08869741510391,0.0861773876012753
14,0.056420791894197464,0.3291631436344295,0.32162277602516975,84.60081071554458,85.09883426254434,0.0861773876012753
15,0.05733684450387955,0.32736517547591903,0.31929004556465684,84.63165315474092,85.2407501267106,0.0861773876012753
16,0.05626851413398981,0.3262856585541242,0.31827345705350696,84.69333803313359,85.30157121135326,0.0861773876012753
17,0.05629260465502739,0.32618036880325096,0.31826207291222586,84.70215015861825,85.36239229599595,0.0861773876012753
18,0.05683344230055809,0.3261207937636713,0.3181106634428449,84.71096228410292,85.40293968575773,0.0861773876012753
19,0.05646902695298195,0.3260977841901094,0.31806190272338564,84.70215015861825,85.41307653319818,0.0861773876012753
