,times,train_loss,test_loss,train_acc,test_acc,eta
0,0.04576865490525961,0.48873125904962955,0.4826742209428185,75.76665491716602,76.36087176887987,0.3097054730724509
1,0.0494043305516243,0.3563423088310119,0.34821563513393333,83.27458583010223,84.15610745058287,0.3097054730724509
2,0.05011163279414177,0.32908848230094984,0.31854066122729346,84.51268946069791,85.31170805879371,0.3097054730724509
3,0.05104787461459637,0.3279179603743375,0.3172968442280126,84.64487134296792,85.29143436391283,0.3097054730724509
4,0.05212399456650019,0.3269739865304557,0.3171319795226756,84.74180472329925,85.41307653319818,0.3097054730724509
5,0.05287442822009325,0.42067259968344284,0.4198982598882837,79.23863235812478,78.92549417131272,0.3097054730724509
6,0.05371782369911671,0.33397362668846414,0.32412557277827325,84.30119844906591,84.6933603649265,0.3097054730724509
7,0.05479928199201822,0.326510818070874,0.3180788172679652,84.75061684878392,85.32184490623416,0.3097054730724509
8,0.055286942049860954,0.32632185863109153,0.3180915378313418,84.74621078604159,85.27116066903193,0.3097054730724509
9,0.05604323744773865,0.3262378344844041,0.3182179760164703,84.75061684878392,85.34211860111506,0.3097054730724509
10,0.056948015466332436,0.3261268576280886,0.31814590657707,84.71536834684525,85.43335022807906,0.3097054730724509
11,0.05713551212102175,1.2070292792477,1.213081628189034,80.1374691575608,80.21287379624937,0.3097054730724509
12,0.056960348039865494,1.23901833470865,1.1395473014047546,83.60063447303489,84.32843385707045,0.3097054730724509
13,0.056359889917075634,0.33493675948495777,0.32922517134131374,84.29238632358124,84.73390775468829,0.3097054730724509
14,0.05703818239271641,0.3263480224343554,0.3182739428263965,84.71096228410292,85.33198175367461,0.3097054730724509
15,0.056975847110152245,0.3261086903998936,0.31823632048871786,84.72418047232992,85.40293968575773,0.3097054730724509
