,times,train_loss,test_loss,train_acc,test_acc,eta
0,0.05679431790485978,0.3376503433631887,0.33668679015819614,84.33155080213903,84.51806382081439,2.250267064466246
1,0.05917474115267396,0.3282831369163894,0.326347825325689,84.71479500891266,84.99133124033551,2.2457332288615293
2,0.056684333831071854,0.3287182926190101,0.32709550288820405,84.83065953654189,84.8929291036034,1.9919639075411484
3,0.05754340719431639,0.3268471961147358,0.32680955869465783,84.83065953654189,84.80858441497587,2.101178438385633
4,0.054221734404563904,0.32647633556928823,0.3264795035464557,84.72370766488413,84.82732767911531,2.134446947654606
5,0.05734309181571007,0.3263983206231655,0.32657738313864015,84.68805704099822,84.77578370273183,1.9050228706884267
6,0.055119493044912815,0.3264211658177705,0.32647210211449806,84.6969696969697,84.78984115083642,2.2166450317853172
7,0.0528139672242105,0.3263530908731307,0.32624609202925636,84.7415329768271,84.75235462255752,2.0947561404817474
8,0.05370099237188697,0.3263087480165983,0.326034809979613,84.67023172905526,84.74766880652265,1.867828225900279
