,times,train_loss,test_loss,train_acc,test_acc,eta
0,3.33916449919343,0.0012807074955321557,0.0015129819596097546,99.92714345278588,99.91046662687405,0.22138225089338834
1,2.442719230428338,0.0011724626719048419,0.0013804913470115317,99.9420658781189,99.92451107756048,0.22138225089338834
2,2.527519572060555,0.0011115808537970752,0.0012730610268840863,99.93855471921701,99.92099996488888,0.22138225089338834
