,times,train_loss,test_loss,train_acc,test_acc,eta
0,0.19516423251479864,0.3602879858233862,0.3605045447203996,73.41741924279263,73.69746439736019,13.476412014967043
1,0.5548533024266362,0.3623658959727563,0.3632465994310999,73.73654046543939,74.14901007294199,13.476412014967043
2,0.564196053892374,0.35648848681646067,0.3629838501327533,73.88850295241403,74.00138937130949,13.476412014967043
3,0.3516773898154497,0.3513719365306169,0.35575512520596936,74.3617575547065,74.56582146578673,13.476412014967043
4,0.4141915775835514,0.3483885840560856,0.35412512460107926,74.44425147620701,74.64397360194512,13.476412014967043
5,0.4494743011891842,0.34779543666650453,0.35341600879887436,74.46596040291769,74.53977075373393,13.476412014967043
6,0.4572816863656044,0.34748792565766684,0.3530706018117832,74.48549843695727,74.76554359152483,13.476412014967043
7,0.2361136181280017,0.34707983207018384,0.35258391325759275,74.49852379298368,74.76554359152483,13.476412014967043
8,0.5031271521002054,0.34701098647882905,0.35243333277601385,74.56582146578673,74.83501215699896,13.476412014967043
9,0.33406214509159327,0.34685883614735885,0.35238382034913224,74.61792288989233,74.7742271622091,13.476412014967043
10,0.16512047220021486,0.3466559848150142,0.3522457466555936,74.57667592914206,74.82632858631469,13.476412014967043
