,times,train_loss,test_loss,train_acc,test_acc,eta
0,9.756221372168511,0.49121329025625227,0.48845499004668347,0.0,0.0,1.5910931558189785
