,times,train_loss,test_loss,train_acc,test_acc,eta
0,1.18050882127136,0.2267354791274788,0.22213970312935097,91.89035714285714,92.01142857142857,0.047028858842819904
1,1.0964309386909008,0.2254404889386225,0.22140733126031567,92.00714285714285,92.10571428571428,0.22863694959996922
2,1.1407135059125721,0.21229775198402598,0.2071001416812912,92.46642857142857,92.51571428571428,0.1293458427734875
3,1.1012546778656542,0.21001867002307806,0.2040314756556019,92.54678571428572,92.58714285714285,0.2873117648217463
4,1.169842965900898,0.20887616545946153,0.20233825657365465,92.59357142857142,92.67428571428572,0.18548976391335875
5,1.199538180604577,0.20852215030798732,0.20158484262506524,92.62107142857143,92.70714285714286,0.24532086234517983
6,1.1449524089694023,0.2083481506454969,0.20112318549152505,92.64,92.73857142857143,0.23669070384605298
7,1.1301271170377731,0.20824084038416482,0.20078186440237245,92.65428571428572,92.73714285714286,0.35423601145966943
8,1.172580846119672,0.20820799213877866,0.2006401066946033,92.65464285714286,92.74428571428571,0.18971701459029822
