,times,train_loss,test_loss,train_acc,test_acc,eta
0,17.053635030053556,0.4933562538066182,0.4909669740208189,0.0,0.0,0.16681005372000585
1,16.861726766917855,0.4921869497913316,0.4896402390488594,0.0,0.0,0.16681005372000585
2,18.130621905904263,0.491964859712475,0.4893478600618309,0.0,0.0,0.16681005372000585
3,16.81089834868908,0.49191444982058835,0.48926539085177984,0.0,0.0,0.16681005372000585
