,times,train_loss,test_loss,train_acc,test_acc,eta
0,16.293783730827272,0.4968951717872063,0.4947263621218678,0.0,0.0,0.04641588833612778
1,17.10374943399802,0.49499250313828774,0.492724074251291,0.0,0.0,0.04641588833612778
2,15.77916277013719,0.4938243746517659,0.49147526390485047,0.0,0.0,0.04641588833612778
3,14.639543288387358,0.4931049042947896,0.49069097285570135,0.0,0.0,0.04641588833612778
4,17.644078547134995,0.4926601391097989,0.49019407943109894,0.0,0.0,0.04641588833612778
5,15.416082873009145,0.49238392258858793,0.489876173625028,0.0,0.0,0.04641588833612778
6,16.35695329681039,0.49221125571307744,0.4896701216681908,0.0,0.0,0.04641588833612778
7,17.192835520021617,0.49210251125906884,0.48953472679028726,0.0,0.0,0.04641588833612778
8,16.353040312882513,0.492033301694989,0.48944422847338975,0.0,0.0,0.04641588833612778
9,16.903806790243834,0.4919886912901293,0.4893825893337773,0.0,0.0,0.04641588833612778
10,16.275046620052308,0.49195947227241643,0.48933971510581536,0.0,0.0,0.04641588833612778
