,times,train_loss,test_loss,train_acc,test_acc,eta
0,16.790129116736352,0.49196537486353126,0.48932607337513484,0.0,0.0,0.5994842503189413
1,14.758332589641213,0.49188505100485663,0.48920766940077925,0.0,0.0,0.5994842503189413
