,times,train_loss,test_loss,train_acc,test_acc,eta
0,0.203369352966547,0.13407010282871942,0.13569270783125145,89.67215421415506,89.57929235502642,0.04617655804696554
1,0.23158161994069815,0.13739717614114402,0.13912833208068526,90.06211180124224,89.93378369339844,0.2809344214754407
2,0.19464517291635275,0.11212589530174863,0.11260567854438454,90.53448310518804,90.48893050632064,0.20426997983541845
3,0.19260965008288622,0.1065673073451974,0.10645423310414107,90.62493718466703,90.60932379105077,0.3288148616416585
4,0.18633334711194038,0.10470911559734847,0.1038950400689151,90.65709863514844,90.62938933850579,0.22025298523292525
5,0.18755869707092643,0.10412943010174165,0.10292581423225798,90.6490582725281,90.64276637014247,0.32802154311513226
6,0.18628109991550446,0.10388720512565387,0.10233592526203268,90.66915917907897,90.64945488596081,0.2722456297146639
7,0.18901481898501515,0.10375554919592313,0.10193517393953586,90.67920963235441,90.65614340177915,0.3776313433858843
8,0.19186918204650283,0.10367837897371798,0.10167562854841462,90.69127017628495,90.67620894923417,0.5053773480515138
