,train_loss,test_loss,train_acc,test_acc
0,0.26838272521736367,0.26657594278274044,83.35150269599131,83.4723466889622
