,times,train_loss,test_loss,train_acc,test_acc,eta
0,10.415973170660436,0.266792587811676,0.2651805321565407,83.3638937423964,83.4806073865656,4.679432985601199
