,times,train_loss,test_loss,train_acc,test_acc,eta
0,0.6056557213887572,0.6867576056517222,0.6867469058463582,92.53038237328327,92.1149868836535,0.0861773876012753
1,0.5257272971794009,0.1860418529432529,0.19592381872324813,95.13882027467642,94.14097156919334,0.0861773876012753
2,0.6681869593448937,0.12027290179280574,0.13619750549003815,97.0111649046537,95.33450743210427,0.0861773876012753
3,0.5109416809864342,0.09348791378603964,0.11634333464344158,98.25610117577314,95.93887797295243,0.0861773876012753
4,0.5051941717974842,0.08610550194333687,0.11125180122881935,98.86374864143859,96.09284926608986,0.0861773876012753
5,0.8867464219219983,0.08337700750453608,0.11060917251013369,99.08111846655468,96.13551245277894,0.0861773876012753
6,0.5363847762346268,0.08133572762487562,0.11072257494577872,99.32318940816126,96.1589845866321,0.0861773876012753
7,0.8004852021113038,0.08027978965977263,0.11059110293424261,99.40717320422883,96.1564749874151,0.0861773876012753
8,0.8721817280165851,0.07971679443175284,0.11078656515669033,99.48127655370023,96.14850331931402,0.0861773876012753
9,1.0114754708483815,0.07936455942226914,0.11104804505958304,99.52079834008497,96.13551245277894,0.0861773876012753
10,0.9375897790305316,0.07909451704618331,0.11117683268232316,99.575140796364,96.13049325434493,0.0861773876012753
11,0.9728799918666482,0.0789836211224364,0.11114305629592397,99.58008101966209,96.1248835619775,0.0861773876012753
12,0.8885424542240798,0.07891204443742522,0.11120423986194522,99.575140796364,96.12665504377775,0.0861773876012753
