,times,train_loss,test_loss,train_acc,test_acc,eta
0,0.34387991297990084,0.6708411822220771,0.6708372864184752,92.52050192668709,92.13786852357326,0.3097054730724509
1,0.5929259858094156,0.14445404858037453,0.15600218370809382,96.03794091492935,94.81472514721752,0.3097054730724509
2,0.6944807637482882,0.0928290046711874,0.11869167417512744,98.41418832131212,95.95496893263793,0.3097054730724509
3,0.5985834370367229,0.08168970259587474,0.11162922717055622,99.1453413694299,96.1223739627605,0.3097054730724509
4,0.4297093409113586,0.07943314091820028,0.11050781546606307,99.48127655370023,96.14997955414755,0.3097054730724509
5,0.822196779306978,0.07949863401830926,0.11185658145182535,99.65418436913349,96.10702112049177,0.3097054730724509
6,0.9638107940554619,0.07902413679833584,0.1112527675215204,99.50597767019069,96.1273931611945,0.3097054730724509
7,0.9669389198534191,0.07951251737999851,0.11119639289603035,99.54549945657544,96.12945988996145,0.3097054730724509
8,0.8207563073374331,0.07921700131502146,0.11155855938908738,99.58502124296018,96.12311208017726,0.3097054730724509
9,0.7439012918621302,0.07889045884619407,0.11145363078659555,99.56526034976781,96.12370257411068,0.3097054730724509
