,times,train_loss,test_loss,train_acc,test_acc,eta
0,0.035692384000867605,0.6264601941892696,0.6264414008829873,89.36084142394822,89.29279245377687,0.0861773876012753
1,0.047350864857435226,0.23362492738395185,0.2342426338898169,89.4114077669903,89.31286219613156,0.0861773876012753
2,0.04856697469949722,0.16346505102964085,0.16344846490023782,89.46197411003236,89.37558014098994,0.0861773876012753
3,0.07770440820604563,0.1388982020193345,0.13850310721896963,89.64401294498381,89.64150422718949,0.0861773876012753
4,0.0451772129163146,0.1251842389481799,0.12526694360077512,89.96763754045307,90.0052683073681,0.0861773876012753
5,0.057590610813349485,0.11981625688050937,0.12066567152993271,90.16990291262135,90.01781189633978,0.0861773876012753
6,0.052366557996720076,0.11478294024585395,0.11648178029006925,90.32160194174757,90.19091342414892,0.0861773876012753
7,0.043212467804551125,0.1131059443798641,0.1148968792506594,90.44296116504854,90.22352675547528,0.0861773876012753
8,0.0465488201007247,0.11250966548120005,0.11408481938020848,90.4834142394822,90.24108778003563,0.0861773876012753
9,0.04630908975377679,0.11190591779339304,0.11299412195929176,90.55420711974111,90.2536313690073,0.0861773876012753
10,0.04654671810567379,0.11160836676188651,0.11247371189092242,90.53398058252426,90.27370111136199,0.0861773876012753
11,0.043476966209709644,0.11135696062550035,0.11199030130557122,90.55420711974111,90.31634931386569,0.0861773876012753
12,0.046829395927488804,0.11128232694797364,0.11190712054660674,90.56432038834951,90.31885803166001,0.0861773876012753
