,times,train_loss,test_loss,train_acc,test_acc,eta
0,0.03357699094340205,0.505285263637456,0.505334916444828,89.35072815533981,89.28275758259953,0.3097054730724509
1,0.039760195184499025,0.16957385423328247,0.16943579090819103,89.39118122977347,89.36805398760694,0.3097054730724509
2,0.038206453900784254,0.1283257631086557,0.12843315940795666,89.90695792880258,89.97014625824741,0.3097054730724509
3,0.040810191072523594,0.11516950202540431,0.11700226101405209,90.39239482200648,90.17586111738291,0.3097054730724509
4,0.047605318017303944,0.11227124537836775,0.11361484666071259,90.49352750809061,90.28373598253933,0.3097054730724509
5,0.05042305961251259,0.11164536595236137,0.11283933805013545,90.54409385113269,90.30631444268835,0.3097054730724509
6,0.046335927210748196,0.11136954765489804,0.11206930859929337,90.60477346278317,90.31133187827702,0.3097054730724509
7,0.041500166058540344,0.1112394563316843,0.11186596452668651,90.60477346278317,90.32387546724868,0.3097054730724509
