,times,train_loss,test_loss,train_acc,test_acc,eta
0,0.11168383900076151,0.33986946927567163,0.33451530499716625,84.1863354037267,84.81866229269181,0.16182641671076148
1,0.11301803681999445,0.32714954837735133,0.3227352492900076,84.75776397515529,85.00091124476035,0.22902236942242454
2,0.10822101030498743,0.3264231659026683,0.32270052807887595,84.78260869565217,85.00091124476035,0.21060510052727582
3,0.10685713775455952,0.3260997005235912,0.3229818380093642,84.80745341614907,84.96446145434663,0.23917503009861008
4,0.05694004241377115,0.3259471811703457,0.3231462117109982,84.81987577639751,84.92193669886399,0.18859880499855255
5,0.05453901644796133,0.3258186914098691,0.3233094423907232,84.83850931677019,84.92193669886399,0.22653064517602803
6,0.054612922482192516,0.32572375663608405,0.32343451714523797,84.80124223602485,84.93408662900188,0.23166058124240851
7,0.05437786318361759,0.3256602745983672,0.3235248073766141,84.79503105590062,84.94016159407083,0.20379817239891554
8,0.053862251341342926,0.32561152682978073,0.3235920325839286,84.8136645962733,84.94016159407083,0.19552346505543663
9,0.05400093365460634,0.32556800033493366,0.32364638571798243,84.77639751552795,84.94016159407083,0.2157089282126913
10,0.05380841717123985,0.32553841253545174,0.3236886698507489,84.7639751552795,84.95231152420874,0.17660718334426287
11,0.05953963566571474,0.32550713306093937,0.32372647673216126,84.75776397515529,84.95838648927769,0.22204501784877798
12,0.05401197820901871,0.3254795881698926,0.3237644654525004,84.75155279503106,84.95838648927769,0.23625911518966394
13,0.053872816264629364,0.3254557543790223,0.323789701687595,84.75776397515529,84.9705364194156,0.24753459408734954
14,0.05362260993570089,0.3254393530616277,0.32381165199012263,84.7639751552795,84.9705364194156,0.20150065357423225
15,0.0539089422672987,0.32542318279935994,0.32383529953955453,84.77639751552795,84.95838648927769,0.2336789615526133
16,0.05368230398744345,0.32541196956030694,0.32384743574958785,84.78260869565217,84.95838648927769,0.18824899549399268
17,0.053716547787189484,0.32540087103896903,0.323861552165158,84.78260869565217,84.96446145434663,0.21453177774034865
