,times,train_loss,test_loss,train_acc,test_acc,eta
0,7.043906161095947,0.35221733754444695,0.35027320370935755,0.0,0.0,0.21399800558878251
