,train_loss,test_loss,train_acc,test_acc
0,0.6750734240649713,0.6743779260680517,61.9,59.333333333333336
