,train_loss,test_loss,train_acc,test_acc
0,0.3238315572515813,0.3268966628015538,84.66131907308377,84.75704043859238
