,times,train_loss,test_loss,train_acc,test_acc,eta
0,0.10594287980347872,0.2930836520403318,0.29358010785180333,89.42692315423426,89.3920139121129,0.3097054730724509
1,0.11427379865199327,0.12694824959530845,0.12824265809261418,89.87919355162919,89.82007892448665,0.3097054730724509
2,0.11679952219128609,0.10536628962178349,0.10734494714196735,90.49428129208627,90.44211089559226,0.3097054730724509
3,0.11844843439757824,0.10052654322744846,0.10224099984361862,90.63096745663229,90.58925824359575,0.3097054730724509
4,0.11992849409580231,0.09885067105045807,0.1004832210436792,90.74956280528252,90.70296301250752,0.3097054730724509
5,0.12206714600324631,0.09830923231717272,0.09935863460432909,90.7716738024885,90.80329074978262,0.3097054730724509
6,0.1232411228120327,0.09763672138239432,0.09844874479289455,90.78373434641902,90.7497826232359,0.3097054730724509
7,0.12393631972372532,0.09745423746562279,0.0982049321683958,90.81388570624534,90.80329074978262,0.3097054730724509
8,0.1290017869323492,0.0973803943047548,0.09796247990528076,90.81187561559027,90.7832252023276,0.3097054730724509
