,times,train_loss,test_loss,train_acc,test_acc,eta
0,0.10514002852141857,0.46127843677030916,0.4614838359031795,89.34048925606545,89.2916861748378,0.0861773876012753
1,0.11204035207629204,0.1565611158030087,0.1576936578469779,89.37265070654686,89.31175172229283,0.0861773876012753
2,0.11616607010364532,0.11870120615778292,0.12005477351855919,90.08221270779312,90.00066885158184,0.0861773876012753
3,0.11794242355972528,0.10569446681931163,0.10729125230462996,90.48222074815574,90.46217644304728,0.0861773876012753
4,0.12045097444206476,0.10225033594446972,0.10406376955213376,90.59076564353052,90.58256972777741,0.0861773876012753
5,0.1200135238468647,0.09994031871038275,0.10155260257812232,90.70735090152566,90.62938933850579,0.0861773876012753
6,0.12213172670453787,0.09904982601972223,0.10045490247274305,90.7354921706969,90.66952043341583,0.0861773876012753
7,0.12460556160658598,0.09850843892133081,0.09978802062026061,90.75358298659269,90.74309410741756,0.0861773876012753
8,0.12627272494137287,0.09819167416664859,0.09942365886620042,90.76363343986814,90.76315965487258,0.0861773876012753
9,0.1288155782967806,0.09795155961433606,0.09923868467168913,90.76363343986814,90.7497826232359,0.0861773876012753
10,0.13523972500115633,0.09766164520662199,0.09862184739973043,90.79579489034955,90.78991371814594,0.0861773876012753
11,0.13581532798707485,0.09753799028618618,0.09831866273952831,90.79177470903937,90.76315965487258,0.0861773876012753
12,0.13131826557219028,0.09752523670773137,0.09803615329621009,90.80785543428009,90.76984817069092,0.0861773876012753
13,0.12921848334372044,0.09741139402538662,0.0980564480199511,90.78976461838428,90.75647113905424,0.0861773876012753
14,0.13083014637231827,0.09737695618752883,0.09798552025893865,90.78976461838428,90.75647113905424,0.0861773876012753
