,times,train_loss,test_loss,train_acc,test_acc,eta
0,0.11331974482163787,0.13098158881982302,0.12692359606777023,89.92320223411683,89.91431467092534,2.9256751545081325
1,0.14739322802051902,0.11390779113806603,0.11049609355406492,90.37118920176867,90.31970762568717,2.1702883611845842
2,0.21244683675467968,0.11120631342713921,0.10769858940122896,90.52827554107517,90.39648659439206,1.762369992296289
3,0.1315321740694344,0.10987463992540963,0.10634858640992907,90.58063765417734,90.4364116581186,1.7537156073944506
4,0.11113024922087789,0.1094361268961137,0.10598497659176198,90.59809169187805,90.45176745185958,1.818535820066679
5,0.12431070161983371,0.10943104959406175,0.10570895154668368,90.62136374214569,90.45483861060778,1.8889143469282266
6,0.09264661418274045,0.10923132842335019,0.10560950883704127,90.60390970444496,90.47326556309696,1.9082122226632452
7,0.10485541727393866,0.10909980513909384,0.10578561813431117,90.58063765417734,90.46405208685238,1.5213412632843124
8,0.13446195516735315,0.1090185069026155,0.10585524261284608,90.58063765417734,90.46712324560056,1.8820689229553027
