,train_loss,test_loss,train_acc,test_acc
0,0.023093970513226085,0.11613873407891002,99.91601620393243,95.95437843870451
