,times,train_loss,test_loss,train_acc,test_acc,eta
0,3.600472502876073,0.003102368927166675,0.003444534833285084,99.83058658298404,99.80864435939749,0.021544346900318825
1,3.847750844899565,0.0030741786023273936,0.003410756396249611,99.83058658298404,99.80864435939749,0.021544346900318825
2,3.3487821989692748,0.0030417450876773704,0.0033718829843444615,99.83058658298404,99.80864435939749,0.021544346900318825
3,4.045549095142633,0.001881649495781607,0.002055270179587014,99.88983738945336,99.88764439450863,0.021544346900318825
4,3.4758309070020914,0.001431180202761115,0.0016669603874757933,99.91090434286467,99.91222218320986,0.021544346900318825
5,3.674863129388541,0.0012863437457411259,0.0015320890794570954,99.9346046654524,99.92275552122467,0.021544346900318825
6,3.5726414918899536,0.0011933273247786609,0.0014137210950361755,99.93987140380521,99.9297777465679,0.021544346900318825
7,4.179269454907626,0.0011820443828231227,0.001398882157521754,99.94031029866795,99.9297777465679,0.021544346900318825
8,3.890564703848213,0.0011570864890676478,0.001372789650373444,99.94162698325616,99.9297777465679,0.021544346900318825
