,train_loss,test_loss,train_acc,test_acc
0,0.5007197615599646,0.5162189954904245,76.75,73.5
