,times,train_loss,test_loss,train_acc,test_acc,eta
0,0.19733099918812513,0.12140977601176849,0.12167866263315474,90.10633379565418,90.09430807303859,3.859328368929878
1,0.16429603192955256,0.10633843710222668,0.10478919995751558,90.5244326519126,90.4822419905023,1.4860289877145083
2,0.1773503622971475,0.10472830410797881,0.10169562272579312,90.68926008562985,90.63607785432413,1.3133238051903675
3,0.1567374523729086,0.10406387690017375,0.10141615220219723,90.6812197230095,90.67620894923417,1.3085596392577221
4,0.25950155733153224,0.10387948272283286,0.10070515806589692,90.70735090152566,90.67620894923417,1.839939263142341
5,0.2716446681879461,0.10374509346496201,0.10070697423540304,90.72946189873163,90.69627449668918,1.508663581632473
6,0.18511924799531698,0.10387708572612113,0.10023695944706165,90.73147198938672,90.70965152832586,1.3534164685797125
7,0.17887500394135714,0.10372869078438055,0.10046793107679497,90.72946189873163,90.70965152832586,1.448566511229408
8,0.1688485937193036,0.10367299932376434,0.10059032044335237,90.7174013548011,90.70296301250752,1.4051593696666866
