,times,train_loss,test_loss,train_acc,test_acc,eta
0,0.27392076095566154,0.11323972338057689,0.1131718953661354,90.29126213592232,90.30834057922547,2.2035880965091845
1,0.2495655226521194,0.10597680675014852,0.1045902125688093,90.55056383042876,90.52237308541234,1.5610458761359776
2,0.24798924569040537,0.1045422904719848,0.10168084547013403,90.69730044825022,90.6828974650525,1.2155314161751414
3,0.23110086284577847,0.10390251433318684,0.101236103297136,90.69931053890531,90.68958598087085,1.182000062046893
4,0.22451603785157204,0.10374515156449073,0.10085077821352216,90.715391264146,90.6828974650525,1.8546396593686187
5,0.31055815797299147,0.10367483925345213,0.10084214248909494,90.72544171742146,90.69627449668918,1.540201535280969
