,train_loss,test_loss,train_acc,test_acc
0,0.046029478330696295,0.06613466912370186,99.98333333333333,97.8
