,train_loss,test_loss,train_acc,test_acc
0,0.3492862450346119,0.3509180574022807,74.50503647099687,75.0
