,times,train_loss,test_loss,train_acc,test_acc,eta
0,10.104682479053736,0.491076921439689,0.4883570195219098,0.0,0.0,0.4882688672221689
