,train_loss,test_loss,train_acc,test_acc
0,0.020073398427029123,0.020967704104895984,0.0,0.0
