,times,train_loss,test_loss,train_acc,test_acc,eta
0,1.7345145279541612,0.38203084865826364,0.3897032681466638,0.0,0.0,0.33874374141153163
1,1.5697289612144232,0.3638054399009722,0.37001744539290543,0.0,0.0,0.33874374141153163
2,1.5173846995458007,0.36230787935895437,0.36949085501178836,0.0,0.0,0.33874374141153163
