,times,train_loss,test_loss,train_acc,test_acc,eta
0,0.09302416117861867,0.12403784969768829,0.1261917551059648,90.11420703061721,89.81522129544638,4.095596965809337
1,0.08452342497184873,0.1098512508448496,0.11202080160244743,90.52324639559372,90.19834776709104,1.7013268575295915
2,0.12139721214771271,0.1104334349084583,0.1083637858304704,90.63664344727037,90.2981202857485,1.5907317873339233
3,0.11237858282402158,0.11114979254021479,0.10609965521187238,90.81888870889357,90.44578361336154,1.4846179837908244
4,0.10139592597261071,0.107341754364528,0.10496424721736292,90.78648955127167,90.45775631560043,1.5764513574774366
5,0.10202510003000498,0.1061383357787227,0.10501814801911416,90.75814028835251,90.42582910963004,1.6003362732251711
6,0.09993268875405192,0.10579675348667185,0.10662665708790264,90.70144176251418,90.38991100291335,1.339096497513432
7,0.08642897289246321,0.10552359774270992,0.10611082724136309,90.7257411307306,90.40188370515226,1.5227842582304507
