,train_loss,test_loss,train_acc,test_acc
0,0.09661294630773125,0.10526920702511358,98.59785897137537,98.43370903842019
