,train_loss,test_loss,train_acc,test_acc
0,0.3287503100420135,0.3334724870150749,84.7723704866562,84.640522875817
