,train_loss,test_loss,train_acc,test_acc
0,0.0953634401774136,0.11164002243014416,98.7864077669903,98.26898472190864
