,times,train_loss,test_loss,train_acc,test_acc,eta
0,36.27172009693459,0.34930869102098516,0.34759591814962215,0.0,0.0,1.9306606698587863
