,times,train_loss,test_loss,train_acc,test_acc,eta
0,0.13791082380339503,0.14917012395324605,0.14798147928945324,90.01700955775149,89.68751247156483,400.0
1,0.13136508036404848,0.10876199764644393,0.10994929285677982,90.56374534262109,90.27018398052441,400.0
2,0.13966927584260702,0.10624300928420023,0.1074185819312605,90.70549165721691,90.32605659097258,400.0
3,0.13051590975373983,0.10581002282571192,0.10688493912840277,90.71764134132512,90.36596559843557,400.0
4,0.09794408921152353,0.10563863542378542,0.1065843340860126,90.72979102543334,90.39390190365965,400.0
5,0.10895247617736459,0.10554851314032111,0.10640734976286709,90.7257411307306,90.39390190365965,400.0
