,times,train_loss,test_loss,train_acc,test_acc,eta
0,0.1411196873523295,0.15423091755392146,0.14543377913779368,89.28322085175704,89.2263751113295,3.6268768980766133
1,0.13643537228927016,0.11846877310938943,0.11347867664437372,90.27228298813125,90.25214213322687,1.5814779142565223
2,0.12477543670684099,0.11270095943548439,0.1080113439224068,90.54572957877589,90.41491354688124,1.7275178336674912
3,0.13199088908731937,0.11127960951058698,0.10661469954703576,90.6329997672795,90.47940788059334,1.6753926146030929
4,0.12968843802809715,0.11051112303294598,0.10595099364613474,90.6271817547126,90.4364116581186,2.1316935250138873
5,0.12386321555823088,0.1099552685301389,0.10574220946280258,90.61554572957877,90.4456251343632,2.2102417885008547
6,0.12976075615733862,0.10967758733573686,0.10551688909639349,90.6271817547126,90.46405208685238,1.6702312545847626
7,0.13159058894962072,0.1093920704299564,0.10555578534003382,90.61554572957877,90.47940788059334,2.030353604319839
8,0.07274729013442993,0.10920432653031148,0.10559970532569123,90.59809169187805,90.47019440434876,1.7027910103055004
9,0.08366265473887324,0.10902098348120048,0.10587903223710109,90.58645566674424,90.47019440434876,1.924116267879845
