,times,train_loss,test_loss,train_acc,test_acc,eta
0,2.1448867237195373,0.1489485621340408,0.1540443849351581,90.08687499999999,89.66499999999999,1.8949207063585731
1,1.0428679026663303,0.14762292763303364,0.15259521062327477,90.128125,89.6925,1.8949207063585731
2,2.1458685360848904,0.1492444252556844,0.15368165770958164,90.820625,90.4025,1.8949207063585731
3,5.444068762473762,0.14919471620395658,0.1540011362217837,90.72375,90.3,1.8949207063585731
4,4.346302148886025,0.1482385543253015,0.15404144388061733,90.063125,89.65,1.8949207063585731
5,4.356761218979955,0.14623103232428059,0.15175614209010244,90.184375,89.7575,1.8949207063585731
6,2.1476969392970204,0.1458420567068168,0.15129357039362334,90.27125,89.85,1.8949207063585731
7,2.1476022517308593,0.1457691674935792,0.15127897973791954,90.325625,89.9175,1.8949207063585731
8,1.0432546138763428,0.14570563203303277,0.15124464879488653,90.310625,89.89750000000001,1.8949207063585731
9,2.098502229899168,0.14562845554062634,0.15125087658355857,90.321875,89.9025,1.8949207063585731
10,3.157701138406992,0.14551156137993176,0.1512266883704187,90.3375,89.9,1.8949207063585731
11,2.1182202892377973,0.14545064856511805,0.15120846841946683,90.3325,89.89,1.8949207063585731
12,2.067761086858809,0.14540598896365484,0.15120475850163725,90.334375,89.89750000000001,1.8949207063585731
13,2.0705491676926613,0.14536767769557554,0.1512077006604949,90.341875,89.9025,1.8949207063585731
14,5.305885999463499,0.14529473687217279,0.1512178353993371,90.355,89.925,1.8949207063585731
15,3.1230688160285354,0.14526516387940425,0.15121801891704517,90.36,89.9275,1.8949207063585731
16,1.0763739431276917,0.1452594649052615,0.15121617965345296,90.360625,89.925,1.8949207063585731
17,1.080196090042591,0.14525392476474214,0.15121508416690635,90.36125,89.925,1.8949207063585731
18,1.0755790676921606,0.1452485301920642,0.1512146153318089,90.3625,89.925,1.8949207063585731
19,2.2439593328163028,0.14522353943761765,0.15121429580765638,90.3675,89.9325,1.8949207063585731
20,2.228064576163888,0.14520154400451898,0.1512109188921052,90.370625,89.9375,1.8949207063585731
