,train_loss,test_loss,train_acc,test_acc
0,0.09175274349967395,0.11878511908041407,98.91392886234048,98.11245074676167
