,times,train_loss,test_loss,train_acc,test_acc,eta
0,0.32370993262156844,0.03503300015597215,0.035090717459898675,0.0,0.0,0.3668993985992245
1,0.21750328410416842,0.025955995411014447,0.025572592500009386,0.0,0.0,0.3668993985992245
2,0.21666715387254953,0.025387549030376055,0.024680452465182783,0.0,0.0,0.3668993985992245
3,0.21515570301562548,0.025172744243849333,0.024247576108596788,0.0,0.0,0.3668993985992245
4,0.2139396877028048,0.02506242450907689,0.023969446693477107,0.0,0.0,0.3668993985992245
5,0.21536502288654447,0.024999936092007704,0.023779579503116356,0.0,0.0,0.3668993985992245
