,times,train_loss,test_loss,train_acc,test_acc,eta
0,0.6396710621193051,0.5370502825713599,0.5255196846991175,74.60139541187885,74.4851681970345,0.7132688356926903
1,0.7234772955998778,0.5346520190441592,0.5251994537813148,75.06567213629684,74.93696376169291,0.21436756665799375
2,0.5672873770818114,0.5343610598900461,0.5242443775566307,75.11730624837298,74.96536234004286,0.21284635202556051
3,0.5622342387214303,0.5338835017325246,0.5230828711367487,75.20938708157544,75.06690877171846,0.6684303915703562
4,0.5322420480661094,0.5337311325676202,0.5224213446876564,75.24596124429604,75.11423973563505,0.5640961622457562
5,0.7176331956870854,0.5336690873155245,0.522102463141681,75.2653240363246,75.1357538101426,0.4174571927862025
