,times,train_loss,test_loss,train_acc,test_acc,eta
0,0.0688728429377079,0.3351901214001757,0.32211770042703375,84.13817412759957,85.07856056766346,0.6666666666666666
1,0.06950193783268332,0.32974170114365486,0.317897321063195,84.56996827634825,85.33198175367461,0.6666666666666666
2,0.06346733588725328,0.3284084052362398,0.317561796153341,84.71536834684525,85.34211860111506,0.6666666666666666
3,0.06844827486202121,0.32808180671554926,0.3174696140478124,84.69774409587592,85.39280283831728,0.6666666666666666
4,0.06824532710015774,0.32787321852815277,0.3172883639008156,84.73739866055692,85.38266599087683,0.6666666666666666
5,0.0739803072065115,0.3277527688567584,0.3172345621841507,84.71977440958759,85.42321338063863,0.6666666666666666
6,0.06888727890327573,0.32768501628007923,0.31728028906157457,84.71977440958759,85.41307653319818,0.6666666666666666
7,0.06148211099207401,0.3276541618928322,0.31727637076433735,84.75061684878392,85.41307653319818,0.6666666666666666
8,0.06466424558311701,0.32759586287490977,0.31732795693287136,84.72858653507225,85.42321338063863,0.6666666666666666
9,0.06459821993485093,0.32754428306549793,0.3173600028731678,84.71977440958759,85.41307653319818,0.6666666666666666
10,0.06872606091201305,0.32749576794631363,0.3173794316886866,84.71977440958759,85.42321338063863,0.6666666666666666
11,0.06930489279329777,0.3274653033484216,0.3173881317950884,84.72858653507225,85.41307653319818,0.6666666666666666
12,0.07810408668592572,0.32744183298786567,0.3174032754532364,84.72418047232992,85.41307653319818,0.6666666666666666
13,0.07720563095062971,0.3274177820704184,0.31742013192503243,84.71096228410292,85.42321338063863,0.6666666666666666
14,0.07236596010625362,0.32740761833823795,0.317418827072209,84.72418047232992,85.41307653319818,0.6666666666666666
15,0.06758786411955953,0.32738413197994276,0.31743331761582005,84.73299259781459,85.38266599087683,0.6666666666666666
16,0.06649880995973945,0.3273667014412134,0.3174481486855633,84.72858653507225,85.38266599087683,0.6666666666666666
17,0.07068993803113699,0.32734766893055833,0.3174584050574736,84.72858653507225,85.38266599087683,0.6666666666666666
18,0.06117712613195181,0.3273418555206657,0.317464042860549,84.73299259781459,85.38266599087683,0.6666666666666666
19,0.06307685375213623,0.3273364310583995,0.3174659382352076,84.73299259781459,85.3725291434364,0.6666666666666666
