,times,train_loss,test_loss,train_acc,test_acc,eta
0,6.476713398471475,0.49106215350721366,0.48833427651410694,0.0,0.0,4.107979666532927
