,times,train_loss,test_loss,train_acc,test_acc,eta
0,0.4911958179436624,0.3161029854516364,0.3094304508069564,90.24285714285715,90.49955834723721,0.455854991058709
1,0.5663091670721769,0.3147561545606722,0.30723701247033997,90.24285714285715,90.49955834723721,0.4599046440254648
2,0.37905409978702664,0.3138408510645316,0.305455477554659,90.24285714285715,90.49955834723721,0.45837189039845694
3,0.4687202093191445,0.31321438617724845,0.3039845481390785,90.24285714285715,90.49955834723721,0.4607886438086517
4,0.3944413289427757,0.31279122514679086,0.30279505715543,90.24285714285715,90.49955834723721,0.4604898783253515
5,0.3130672969855368,0.3125036100681911,0.3018240220802155,90.24285714285715,90.49955834723721,0.46118959979071356
6,0.7248018588870764,0.31230852941982895,0.30102801558927716,90.24285714285715,90.49955834723721,0.46014167553051905
7,0.5732289277948439,0.3121766897364849,0.3003829068373848,90.24285714285715,90.49955834723721,0.4566689323285315
8,0.44574671797454357,0.31208594151764324,0.2998474318917769,90.24285714285715,90.49955834723721,0.46153769226783653
9,0.41566016199067235,0.3120242718494895,0.2994074789116318,90.24285714285715,90.49955834723721,0.46126834141722034
10,0.30539788072928786,0.31198236162137594,0.2990465493913691,90.24285714285715,90.49955834723721,0.4608276445656241
