,times,train_loss,test_loss,train_acc,test_acc,eta
0,0.9402181319892406,0.5414640730743732,0.5367532423185548,74.1491666469453,74.0333726323761,0.45551644055674956
1,0.91701470175758,0.5364996927664867,0.5292255965031611,74.75995516437935,74.62113714792217,0.4496448113153339
2,1.0463667651638389,0.5348710151660034,0.5259965166098132,75.02501027303688,74.87500322711118,0.4515208904103172
3,0.802001257892698,0.53419383695202,0.5242401163466077,75.1224696595806,75.01183274097914,0.45456104491146526
4,0.7381068039685488,0.5338836063097405,0.5231767678772243,75.2117536450456,75.05658201595483,0.46161209233583494
5,0.7704586489126086,0.5337348482063868,0.5225040742425852,75.24940351843446,75.11079748371384,0.46915398872792813
6,0.8423798629082739,0.5336641266604487,0.5220844020161906,75.27070258966586,75.1366143731229,0.450386166661603
