,times,train_loss,test_loss,train_acc,test_acc,eta
0,28.34439410129562,0.6388286154520321,0.636693661807265,64.0738761904762,64.08840000000001,0.45613298544153236
1,27.361899686977267,0.6379503672915601,0.6365384745418906,64.07099047619047,64.0972,0.45512096175110783
2,27.33131784107536,0.6376110688789682,0.6358397351021825,64.29041904761905,64.3202,0.4593375677922426
