,times,train_loss,test_loss,train_acc,test_acc,eta
0,17.35964683163911,0.34990370362628986,0.3492568580709156,0.0,0.0,0.22257386831713033
