,times,train_loss,test_loss,train_acc,test_acc,eta
0,7.557060832157731,0.3522667855870716,0.35049567939144505,0.0,0.0,0.1681128218440467
