,train_loss,test_loss,train_acc,test_acc
0,0.14253279300307392,0.12596729110946642,0.0,0.0
