,train_loss,test_loss,train_acc,test_acc
0,0.3458184979419668,0.33502067991592516,83.57615894039735,84.50290467388434
