,times,train_loss,test_loss,train_acc,test_acc,eta
0,9.73566926177591,0.26729358656737456,0.26547324491240126,83.36020146089186,83.47860479320721,1.2939637854777783
