,times,train_loss,test_loss,train_acc,test_acc,eta
0,0.08416735893115401,0.33295410687340193,0.32006645780985515,84.38050757842791,85.23061327927014,3.785884461424659
1,0.0789245581254363,0.3339285043439297,0.32310646304824625,84.84314416637292,85.02787633046123,2.546198127418277
2,0.07445124490186572,0.3277363919819577,0.3175463922688391,84.71977440958759,85.39280283831728,3.1518951033223943
3,0.0793472807854414,0.327584105659449,0.3182356080710202,84.71096228410292,85.33198175367461,2.738169127964731
4,0.07662830781191587,0.32736479739618796,0.3179563413498941,84.76383503701092,85.3725291434364,2.522525475228295
5,0.08048760890960693,0.3272984944288032,0.3177693394758073,84.74621078604159,85.38266599087683,2.376120310161827
