,times,train_loss,test_loss,train_acc,test_acc,eta
0,0.18202998396009207,0.12109217283354967,0.1219111529170516,90.12442461154998,90.02073439903685,0.055330242964456926
1,0.19340048590674996,0.1064960468709545,0.1061524055333945,90.50031156405154,90.4487994114106,0.3210210566673883
2,0.17183482320979238,0.10476933127635096,0.1040435453907114,90.61890691270176,90.58925824359575,0.27291996197053126
3,0.22777100699022412,0.10418525920148666,0.1029525257561621,90.647048181873,90.62270082268745,0.2946007466712276
4,0.1819571889936924,0.10387432803969247,0.10226793389121709,90.66312890711372,90.64276637014247,0.4127541622765523
5,0.1644815420731902,0.10375814473923807,0.10191142004993835,90.67317936038916,90.64945488596081,0.32737224768529405
6,0.17264550691470504,0.10368894314585074,0.1016579328277324,90.69529035759513,90.67620894923417,0.39996873910886843
