,train_loss,test_loss,train_acc,test_acc
0,0.1857483335441281,0.17176462276653282,0.0,0.0
