,times,train_loss,test_loss,train_acc,test_acc,eta
0,37.33313200203702,0.35092682200078207,0.3495865564128717,0.0,0.0,0.21399800558878251
