,times,train_loss,test_loss,train_acc,test_acc,eta
0,0.10468365391716361,0.3717033867411367,0.3629049955836,82.78260869565217,82.99617277200656,5.062430888184711
1,0.07139542605727911,0.33260410499893084,0.32576762028130807,84.59627329192547,85.10418565093251,3.006405607516129
2,0.07849454181268811,0.33323018527885306,0.32777929647018755,84.7888198757764,84.78828746734706,3.1127181907825214
3,0.07154207024723291,0.3294389390910023,0.3251432138434213,84.88198757763975,84.82473725776077,3.32507055229544
4,0.06255577877163887,0.32801849045467807,0.32374065237703387,84.82608695652173,84.81258732762286,3.4320782337409423
5,0.0806779507547617,0.3280690955464402,0.32477859623935657,84.78260869565217,85.0191361399672,2.888538489835842
6,0.06419525621458888,0.327679726835696,0.3243309711369498,84.84472049689441,85.06773586051881,4.960560407177035
7,0.06546174781396985,0.32739852273904085,0.32404848128287445,84.80124223602485,84.98876131462244,2.8694046486635325
8,0.06754294876009226,0.32722420758178916,0.3238384252671004,84.83229813664596,85.01306117489824,3.0576246875135737
9,0.06845150515437126,0.32722005065097987,0.3237729703804104,84.81987577639751,85.00091124476035,4.631002885810784
10,0.06965498719364405,0.3271403023576767,0.3234468717458796,84.75776397515529,84.92801166393293,4.221782493032262
