,times,train_loss,test_loss,train_acc,test_acc,eta
0,8.966462562792003,0.4912632940329093,0.4885176920282576,0.0,0.0,1.7471838926847434
