,times,train_loss,test_loss,train_acc,test_acc,eta
0,0.42635670816525817,0.15971115360302834,0.16050057993250988,88.78972441657119,88.74991639355227,4.450274971835025
1,0.2679474540054798,0.12428032623224673,0.11560469781966995,90.37367585278096,90.4153568323189,2.1125450407853283
2,0.24337820895016193,0.11115846157639961,0.10247297712188859,90.69328026694004,90.60932379105077,1.4549016675662236
3,0.2509181210771203,0.1072685869812944,0.100386799235537,90.72343162676637,90.69627449668918,1.4265756322963759
4,0.23159019881859422,0.10590153565303655,0.10043400977418722,90.71338117349093,90.70296301250752,1.3863638870755133
5,0.27485321927815676,0.1039489985221165,0.10115968255127977,90.71338117349093,90.70296301250752,1.4607731255629777
6,0.2695284942165017,0.10368485636156548,0.10095641755428895,90.71941144545619,90.70296301250752,1.5349990603442847
