,times,train_loss,test_loss,train_acc,test_acc,eta
0,0.32295423187315464,0.09852205948232398,0.11526174010365464,98.20669894279222,95.94138757216943,400.0
1,0.15547685930505395,0.09193838890172393,0.12530967152923786,98.78964529196719,95.92869195260106,400.0
2,0.21161178965121508,0.08256361485938957,0.11197414170853064,99.0070151170833,96.13861254592936,400.0
3,0.164431968703866,0.08095052735153688,0.11315037713219925,99.2836676217765,96.11425467117607,400.0
4,0.14649927197024226,0.07995916486569246,0.11159282012874612,99.34789052465172,96.15130816549774,400.0
5,0.11947405198588967,0.0794737360587234,0.11162129795513964,99.4318743207193,96.1431888739133,400.0
6,0.13254747912287712,0.07921017565311213,0.1112028406441456,99.41705365082501,96.14126976862971,400.0
7,0.1251183357089758,0.07906013528534142,0.11123766309168523,99.48127655370023,96.13743155806253,400.0
8,0.17892108485102654,0.07899288913522896,0.11103646086288155,99.4960972235945,96.13757918154589,400.0
9,0.16099620796740055,0.07892516092288263,0.11112830603142078,99.52079834008497,96.13167424221176,400.0
