,train_loss,test_loss,train_acc,test_acc
0,0.11872346787422029,0.12280752717194673,0.0,0.0
