,times,train_loss,test_loss,train_acc,test_acc,eta
0,0.014444497879594564,0.5439242959326747,1.3625557838392248,76.18664521319388,0.0,1.319828778039106
1,0.010492326226085424,0.5421135101712428,1.6001926279290695,76.18664521319388,0.0,1.3156567353283077
2,0.005358492024242878,0.5343754818261885,1.3845835001582354,76.18664521319388,0.0,1.2996923199164165
3,0.006367933936417103,0.5343189898421866,1.3191605479883244,76.34754625905069,0.0,1.2896296006643073
4,0.005183764733374119,0.5338493263927503,1.3617230904409101,76.18664521319388,0.0,1.2886214573654267
5,0.00520574813708663,0.5337889035610572,1.3654838489977137,76.18664521319388,0.0,1.289195590618543
