,times,train_loss,test_loss,train_acc,test_acc,eta
0,0.19431603606790304,0.10960780197449589,0.10994309588873061,90.40583730326237,90.34178315831717,111.30237608828492
1,0.12524535600095987,0.1084845323900211,0.1085702763686389,90.47619047619048,90.4487994114106,111.30237608828492
2,0.1432844391092658,0.1063067305899105,0.10617915207356707,90.54654364911858,90.51568456959401,111.30237608828492
3,0.15738725010305643,0.10553150209374468,0.10512535077726001,90.59679591549579,90.55581566450405,111.30237608828492
4,0.14151081535965204,0.1050074260461958,0.10437339171671307,90.61086655008141,90.58925824359575,111.30237608828492
5,0.12491284124553204,0.10466307402763343,0.10383422470056741,90.63096745663229,90.60263527523243,111.30237608828492
6,0.14398096641525626,0.10441958057739666,0.10342791383156875,90.63900781925265,90.62270082268745,111.30237608828492
7,0.12974645616486669,0.10424369006490021,0.10308726865102429,90.647048181873,90.62270082268745,111.30237608828492
8,0.15192378498613834,0.10411252040340639,0.10282553175971797,90.64503809121791,90.64276637014247,111.30237608828492
9,0.1308651347644627,0.10401343388092059,0.10261027469473329,90.6490582725281,90.64276637014247,111.30237608828492
10,0.1352558210492134,0.10393663358463336,0.10242844917477151,90.65307845383826,90.64276637014247,111.30237608828492
11,0.15349161811172962,0.10387685289058235,0.10227569150623023,90.66111881645863,90.64945488596081,111.30237608828492
12,0.2180052436888218,0.10382945943909319,0.10214512544250025,90.67116926973407,90.66283191759749,111.30237608828492
13,0.21314590284600854,0.10379156809854184,0.10203227631550488,90.67317936038916,90.66283191759749,111.30237608828492
14,0.14497079281136394,0.10376096278115114,0.1019318889444128,90.67116926973407,90.65614340177915,111.30237608828492
15,0.14899497386068106,0.10373608804800746,0.10185010251523956,90.67518945104425,90.65614340177915,111.30237608828492
16,0.1323417997919023,0.10371570167157027,0.1017769527435521,90.67518945104425,90.66283191759749,111.30237608828492
17,0.17965577403083444,0.10369884373867212,0.10170811829148078,90.67719954169934,90.65614340177915,111.30237608828492
