,times,train_loss,test_loss,train_acc,test_acc,eta
0,0.1502149640582502,0.11066089791990281,0.10782252705364224,90.39377675933184,90.33509464249883,400.0
1,0.13358799600973725,0.10633582096516067,0.10571386927333205,90.62694727532212,90.56250418032239,400.0
2,0.13353265216574073,0.10415898321785232,0.10224641469475584,90.64503809121791,90.66283191759749,400.0
3,0.13949959725141525,0.10382976631075953,0.1022781301332823,90.67518945104425,90.64276637014247,400.0
4,0.14075086684897542,0.10370149044275735,0.1015956006078056,90.67920963235441,90.66952043341583,400.0
