,times,train_loss,test_loss,train_acc,test_acc,eta
0,0.047922128811478615,0.42125825811447865,0.4176473734591172,81.42647981593808,81.85385169186465,3.9396884296029744
1,0.02332547726109624,0.3466468341215849,0.34272701265098193,83.87366659694625,84.150467962563,3.566484860703482
2,0.024329904932528734,0.34110468496773966,0.338106963012162,84.48023426061494,84.56443484521239,3.008923162117899
3,0.02322852099314332,0.3429983479890663,0.33992805937638537,84.73122777661577,84.52483801295897,3.129172788403729
4,0.021426236256957054,0.33487496580634357,0.3344260943264788,84.77306002928258,84.54643628509719,3.279392094308255
5,0.02347538759931922,0.3311432158509725,0.33292184046281986,84.9403890399498,84.50323974082073,2.8802327651388793
6,0.023447177838534117,0.32957866230527755,0.332293729330807,84.96130516628321,84.60763138948884,3.1041257641060493
7,0.022582604084163904,0.3289645902051903,0.331222177266433,85.02405354528341,84.64002879769619,2.924737043607097
8,0.02408078219741583,0.32869565458227384,0.33079845964109544,84.898556787283,84.66882649388049,2.802602605587477
9,0.023436229676008224,0.3285160298719335,0.3307645524349229,84.9403890399498,84.6040316774658,2.955063242060118
10,0.027534222695976496,0.3289827559916842,0.3310516907411276,85.00313741895002,84.5752339812815,3.110664457901742
11,0.02244243724271655,0.3286518750938141,0.3306196493777525,85.06588579795022,84.61843052555795,2.7523571077400453
12,0.02583144372329116,0.3284034761801458,0.3303479135393592,85.17046642961724,84.65802735781138,3.329684839536211
13,0.031218660064041615,0.32836063120168435,0.32997975900563764,85.14955030328383,84.68322534197264,3.2164497823197555
14,0.035554926842451096,0.32830741012645437,0.32974128298174576,85.08680192428362,84.65442764578833,2.8671761592463088
15,0.04092950280755758,0.3282335130333549,0.32971708456762866,85.08680192428362,84.66162706983441,3.0372155235916245
16,0.028433514293283224,0.32819892153274843,0.3297158306797487,85.10771805061702,84.66162706983441,3.3665133821633564
17,0.024356632959097624,0.3281064094115801,0.3296824040023297,85.02405354528341,84.66882649388049,2.396214087181111
