,train_loss,test_loss,train_acc,test_acc
0,0.0009937914092668326,0.0011400678325050552,99.94601593188352,99.93855552824691
