,times,train_loss,test_loss,train_acc,test_acc,eta
0,89.46711041033268,46568.9308484312,46685.3376581112,0.0,0.0,0.37851514089703914
1,62.09521790081635,1356.074098272507,1302.367061169267,0.0,0.0,0.37851514089703914
2,58.213546824175864,114.42418111406697,107.16426368545615,0.0,0.0,0.37851514089703914
3,55.488024248275906,58.005496532377926,54.04498101777564,0.0,0.0,0.37851514089703914
4,57.581027418375015,54.64412063630253,51.078159991699934,0.0,0.0,0.37851514089703914
5,54.27483132202178,53.961063984544346,50.71089508251969,0.0,0.0,0.37851514089703914
6,56.42813616292551,53.658585783315,50.53189331629183,0.0,0.0,0.37851514089703914
7,50.34227756783366,53.502965220861334,50.44519769041281,0.0,0.0,0.37851514089703914
8,59.26308695273474,53.41727774269244,50.394886489436175,0.0,0.0,0.37851514089703914
