,train_loss,test_loss,train_acc,test_acc
0,0.3574481191784986,0.454199287893365,73.725,65.45
