,times,train_loss,test_loss,train_acc,test_acc,eta
0,10.021347844041884,0.4999890726395846,0.49794102502294246,0.0,0.0,0.00012915496650148838
1,10.385755077004433,0.49545190894066954,0.493197182681499,0.0,0.0,0.00012915496650148838
2,10.349270942620933,0.49309304242437074,0.49067940656176773,0.0,0.0,0.00012915496650148838
3,10.337017022073269,0.4923827814833979,0.48987284038736817,0.0,0.0,0.00012915496650148838
4,10.865709180012345,0.4921580851961499,0.48959949828121596,0.0,0.0,0.00012915496650148838
5,10.950957969762385,0.4920541656368499,0.4894604592931709,0.0,0.0,0.00012915496650148838
6,10.76238073874265,0.49201186172816536,0.4893957480319591,0.0,0.0,0.00012915496650148838
7,11.224162474274635,0.49196954525192305,0.48933547983812326,0.0,0.0,0.00012915496650148838
8,10.810400874353945,0.4919469952452429,0.4892967262415893,0.0,0.0,0.00012915496650148838
