,times,train_loss,test_loss,train_acc,test_acc,eta
0,9.978552634827793,0.49189122355414977,0.4892189942883857,0.0,0.0,0.9999999999999999
