,times,train_loss,test_loss,train_acc,test_acc,eta
0,10.853762472048402,0.4998600147968246,0.4978075762309467,0.0,0.0,0.0016681005372000581
1,10.709712903946638,0.49191124438332573,0.4892454380255527,0.0,0.0,0.0016681005372000581
