,times,train_loss,test_loss,train_acc,test_acc,eta
0,10.2823582040146,0.499960799279315,0.4979118017688904,0.0,0.0,0.00046415888336127784
1,10.460866963490844,0.49234382266573784,0.4898288259571751,0.0,0.0,0.00046415888336127784
2,10.683364920318127,0.49195533847753636,0.48932484467247717,0.0,0.0,0.00046415888336127784
