,train_loss,test_loss,train_acc,test_acc
0,0.3280311607200919,0.32970607787904366,85.04496967161683,84.67962562994961
