,train_loss,test_loss,train_acc,test_acc
0,0.4918622284385573,0.4891601692778452,0.0,0.0
