,train_loss,test_loss,train_acc,test_acc
0,0.32523258794969606,0.34089945564353047,85.10903426791278,84.33260111125468
