,times,train_loss,test_loss,train_acc,test_acc,eta
0,0.18131500808522105,0.11697481625771154,0.11737497756476134,90.22492914430441,90.25483245267876,0.06970411127625188
1,0.15138827310875058,0.15723174876277668,0.15766193772651257,90.06412189189733,90.00735736740018,0.2907886670456694
2,0.18811608804389834,0.11266325057834428,0.11273329053877504,90.60081609680597,90.53575011704902,0.1657036721963082
3,0.16074134828522801,0.107204755427073,0.1069953319366395,90.64302800056282,90.58925824359575,0.20179513779922123
4,0.215828790795058,0.1047889932973676,0.10382693201233874,90.65709863514844,90.62270082268745,0.3253878165246878
5,0.19609721284359694,0.10406960619640866,0.10281906744650343,90.65508854449335,90.64276637014247,0.3717908308992458
6,0.1603739382699132,0.10379393774404022,0.10204727093341005,90.66915917907897,90.67620894923417,0.5105297327328405
7,0.15674294205382466,0.10370647786806969,0.10178675862309694,90.68523990431969,90.67620894923417,0.3423961753220516
