,times,train_loss,test_loss,train_acc,test_acc,eta
0,20.480241403914988,0.26744227807992693,0.265723867238856,83.34874913012351,83.4690924747548,0.2599465236955952
