,train_loss,test_loss,train_acc,test_acc
0,0.024929338361250115,0.023311849667831036,0.0,0.0
