,times,train_loss,test_loss,train_acc,test_acc,eta
0,21.165012245997787,0.2667799328490669,0.2651986742357227,83.35757305710895,83.4773531723582,0.37769325962694716
