,times,train_loss,test_loss,train_acc,test_acc,eta
0,34.546347689814866,0.4910779336995075,0.4882774222273598,0.0,0.0,1.3000176934492353
