,times,train_loss,test_loss,train_acc,test_acc,eta
0,0.00697691086679697,0.683217144489284,0.6841255327638195,68.67469879518072,73.80952380952381,0.2247686218081006
1,0.0038168509490787983,0.6749002441236707,0.6757104434979833,68.67469879518072,71.42857142857143,0.2547719976993671
2,0.0037057260051369667,0.6684205595337925,0.6690982288937614,73.49397590361446,69.04761904761905,0.3796005766043074
3,0.004421795718371868,0.6649238385048231,0.6632513643479164,71.6867469879518,71.42857142857143,0.2905806753720989
4,0.0040194010362029076,0.662585872709731,0.6609824974134461,74.09638554216868,69.04761904761905,0.33565282162929483
5,0.003711462952196598,0.6604201495840044,0.6560104985543145,74.6987951807229,64.28571428571428,0.5318512647507037
6,0.004265777766704559,0.6597591496142929,0.6545458863487568,75.90361445783132,66.66666666666666,0.4138008232535658
7,0.003974196966737509,0.6594272145935529,0.6533232962632284,77.10843373493975,69.04761904761905,0.38666190726464805
8,0.004583030007779598,0.6593344671099959,0.6529529715293105,77.71084337349397,69.04761904761905,0.1843103949969244
9,0.0037097111344337463,0.6592134373927203,0.6524859199083364,77.71084337349397,69.04761904761905,0.34660448420115214
10,0.003914940170943737,0.659164489399772,0.652301690052477,77.10843373493975,66.66666666666666,0.22505202625030482
11,0.0034269620664417744,0.6591109675376587,0.6517921397728375,77.10843373493975,66.66666666666666,0.3175470740946004
