,times,train_loss,test_loss,train_acc,test_acc,eta
0,0.10542978020384908,0.46585443506810154,0.4618390588942764,76.06338871656276,76.48793071678644,0.3097054730724509
1,0.09593678824603558,0.3445217936909459,0.3404688591992072,83.91019931820276,84.03046495915484,0.3097054730724509
2,0.10136558208614588,0.3266252561927673,0.3261602213596632,84.77933724394214,85.02548983477674,0.3097054730724509
3,0.10766975488513708,0.32974033737330366,0.3295479128501798,84.63192162402875,84.27615011362938,0.3097054730724509
4,0.1619719942100346,0.5366329313762538,0.5376967900448829,82.09207333927091,82.29224249124746,0.3097054730724509
5,0.10749020799994469,0.3251828119889803,0.32604746253172484,84.9421086575965,84.78594680916406,0.3097054730724509
6,0.10599479032680392,0.3238191196207746,0.32386213942327546,84.8806854826326,85.01320557705301,0.3097054730724509
7,0.10833394015207887,0.3236959669429593,0.32394136784533795,84.90832591136636,85.0316319636386,0.3097054730724509
8,0.1141940071247518,0.3236403737829686,0.3241461226905454,84.88682780012898,84.98249493274369,0.3097054730724509
