,times,train_loss,test_loss,train_acc,test_acc,eta
0,0.09504806995391846,0.538332748124919,0.5352876357509662,75.91904425539757,76.3773723972729,0.0861773876012753
1,0.09558249078691006,0.3866921783002764,0.38285208468817994,82.35005067411934,82.51335913027455,0.0861773876012753
2,0.10099541442468762,0.3441025671930649,0.34003189934970923,83.882558889469,84.06731773232602,0.0861773876012753
3,0.10440143290907145,0.32754177923528827,0.3247565403628018,84.59813887779859,85.1667587985996,0.0861773876012753
4,0.13552855188027024,0.3247415197947221,0.32391084167948936,84.85304505389884,85.15447454087587,0.0861773876012753
5,0.1030069999396801,0.324195344063284,0.32411288123855775,84.84997389515064,85.04391622136232,0.0861773876012753
6,0.11052143108099699,0.3239648786561706,0.32423339437375187,84.8806854826326,85.05005835022419,0.0861773876012753
7,0.10707150120288134,0.32379795390916416,0.32419010282781674,84.91446822886275,84.99477919046741,0.0861773876012753
8,0.11107573192566633,0.3236800282473881,0.32417936229984795,84.90525475261816,84.97635280388182,0.0861773876012753
