,times,train_loss,test_loss,train_acc,test_acc,eta
0,0.08898846013471484,0.6177903433578301,0.6164961477887224,75.91904425539757,76.3773723972729,0.023979370012757645
1,0.09757497906684875,0.46042890576141826,0.4563522910451914,76.25687171769908,76.60463116516185,0.023979370012757645
2,0.09448893181979656,0.39964001754795037,0.39538947463797314,80.49507079020914,80.8058473066765,0.023979370012757645
3,0.10418299306184053,0.3575991307112797,0.35348305950385533,83.29903872731181,83.44082058841595,0.023979370012757645
4,0.10515301488339901,0.34256952673140856,0.3383190241989575,83.89484352446178,84.0550334746023,0.023979370012757645
5,0.1097046984359622,0.3315618106040177,0.3277024782937861,84.32480574920918,84.86579448436828,0.023979370012757645
6,0.11047923984006047,0.3275850135956697,0.32462680701983293,84.62270814778415,85.0991953811191,0.023979370012757645
7,0.10240558022633195,0.32626637187049573,0.32404439866589363,84.63499278277695,85.0316319636386,0.023979370012757645
8,0.1178175169043243,0.32496257380627447,0.3240338099976817,84.77012376769756,85.08691112339537,0.023979370012757645
9,0.10981443291530013,0.32452915852184183,0.324178143658694,84.82540462516508,85.07462686567165,0.023979370012757645
10,0.10953315813094378,0.3242866723087791,0.32423686596970336,84.85611621264704,85.09305325225723,0.023979370012757645
11,0.11271892208606005,0.32408925603721034,0.3242662687412435,84.88989895887718,85.04391622136232,0.023979370012757645
12,0.11421815864741802,0.3239670631424285,0.3242081506070186,84.89604127637358,85.00092131932928,0.023979370012757645
13,0.11698137503117323,0.32386082338223027,0.3242183132932754,84.91753938761094,84.98249493274369,0.023979370012757645
14,0.13906461605802178,0.3237689312238776,0.32423587251057895,84.91753938761094,85.00706344819115,0.023979370012757645
15,0.12542046001181006,0.3237012674651685,0.32419231021267386,84.89911243512176,84.98863706160556,0.023979370012757645
16,0.11226369626820087,0.37059802963335153,0.3718704525973437,82.15349651423482,82.05269946563479,0.023979370012757645
17,0.11460317065939307,0.32400627641770785,0.32436568558257844,84.89297011762538,84.99477919046741,0.023979370012757645
18,0.11358553683385253,0.32368480274504985,0.3242041945494909,84.8776143238844,85.04391622136232,0.023979370012757645
