,times,train_loss,test_loss,train_acc,test_acc,eta
0,25.791109549812973,0.34631975918140984,0.34553846126612675,0.0,0.0,4.121264692257847
