,train_loss,test_loss,train_acc,test_acc
0,0.3466035885406485,0.35134095804250015,74.50503647099687,75.01736714136854
