,train_loss,test_loss,train_acc,test_acc
0,0.3247770795024297,0.3292332372600373,84.98596819457437,84.55654568401728
