,times,train_loss,test_loss,train_acc,test_acc,eta
0,26.058557842858136,0.3475188749254818,0.3468024387634005,0.0,0.0,6.10525075709106
