,times,train_loss,test_loss,train_acc,test_acc,eta
0,13.472163358237594,0.4999607993000292,0.4979118015433088,0.0,0.0,0.00046415888336127784
1,13.90105523262173,0.4924371567996082,0.4899368866437301,0.0,0.0,0.00046415888336127784
2,12.99393846374005,0.49200769925551563,0.4893892682434625,0.0,0.0,0.00046415888336127784
3,14.143634479958564,0.49198084487639715,0.489334110807833,0.0,0.0,0.00046415888336127784
4,12.885936209000647,0.4919759414699199,0.4893207054286339,0.0,0.0,0.00046415888336127784
5,13.476306416094303,0.49197012429276793,0.4893080614339763,0.0,0.0,0.00046415888336127784
6,14.332327591255307,0.4919552123529284,0.4892797945658754,0.0,0.0,0.00046415888336127784
