,times,train_loss,test_loss,train_acc,test_acc,eta
0,13.380913828965276,0.49986001502208194,0.4978075760999396,0.0,0.0,0.0016681005372000581
1,12.893703861627728,0.49193136673286364,0.48927082975480435,0.0,0.0,0.0016681005372000581
