,times,train_loss,test_loss,train_acc,test_acc,eta
0,12.972764051984996,0.49195672113314304,0.48928435044541513,0.0,0.0,0.9999999999999999
