,times,train_loss,test_loss,train_acc,test_acc,eta
0,12.66532950103283,0.4999890726397656,0.4979410250467066,0.0,0.0,0.00012915496650148838
1,14.012297254987061,0.49561076012347804,0.4933670878762634,0.0,0.0,0.00012915496650148838
2,14.370535438880324,0.4930537035190443,0.49063460419761223,0.0,0.0,0.00012915496650148838
3,14.245863593183458,0.49237508172220484,0.48986138861342715,0.0,0.0,0.00012915496650148838
4,14.192540469579399,0.4921312557754729,0.4895675381453182,0.0,0.0,0.00012915496650148838
5,12.601526457816362,0.49201477028947166,0.489415206191682,0.0,0.0,0.00012915496650148838
6,13.589267552830279,0.4919551333169925,0.48933025130535224,0.0,0.0,0.00012915496650148838
