,times,train_loss,test_loss,train_acc,test_acc,eta
0,31.11162168206647,0.3489948807077065,0.34727180473677766,0.0,0.0,1.3071327635471044
