,times,train_loss,test_loss,train_acc,test_acc,eta
0,22.28134657489136,0.2672531078500064,0.265453717287786,83.36045178506166,83.47885511737701,0.45186897607484766
