,train_loss,test_loss,train_acc,test_acc
0,0.3574465052122121,0.4542033590770199,73.725,65.45
