,train_loss,test_loss,train_acc,test_acc
0,0.5886794277316401,0.5314732850765608,78.4,79.95402298850574
