,times,train_loss,test_loss,train_acc,test_acc,eta
0,0.09296452812850475,0.33062147248270324,0.31936060299701213,84.66249559393725,85.31170805879371,2.081861753272734
1,0.09256833326071501,0.32766408850500456,0.31770856334878184,84.74621078604159,85.42321338063863,1.8628441222797267
2,0.09416407905519009,0.3274900048872695,0.31764284117822883,84.78145928798025,85.3522554485555,1.7960399293553317
3,0.14197703637182713,0.32754091549361486,0.3182481672902218,84.73299259781459,85.3725291434364,1.685465368982922
4,0.14692290825769305,0.3273648103364896,0.3178572326804948,84.71536834684525,85.40293968575773,1.7972754529434765
5,0.08190165180712938,0.3272932699374844,0.31769911843317356,84.71536834684525,85.40293968575773,1.7815347699562534
