,times,train_loss,test_loss,train_acc,test_acc,eta
0,0.07209578529000282,0.3866736842888565,0.3808380292444726,82.19875776397515,82.75924913431749,0.04670517298008703
1,0.06968385213986039,0.33921613721687927,0.3320459337937609,84.29192546583852,84.7336127817265,0.053090148029027735
2,0.0707971346564591,0.3301292231504779,0.32360855752005946,84.65217391304348,84.96446145434663,0.06159119916449532
3,0.0759012009948492,0.328822992255389,0.32275823486319233,84.6832298136646,85.0312860701051,0.056777868237758045
4,0.0728221507743001,0.328133018187318,0.32267264002174756,84.72670807453416,85.01306117489824,0.09551990112161816
5,0.07171301683411002,0.3278414890031615,0.3226489016812551,84.72049689440993,84.96446145434663,0.08704192348297013
6,0.07595673995092511,0.32763506839808226,0.3227002147883393,84.75155279503106,84.96446145434663,0.10003001774904834
7,0.0774848610162735,0.3275301783269125,0.32277938604711287,84.78260869565217,84.9705364194156,0.07263311061630441
8,0.07094570808112621,0.3274665367361586,0.3228131880516887,84.7888198757764,84.96446145434663,0.05633882864325323
9,0.0715657570399344,0.32739661365242595,0.32286057900996,84.78260869565217,84.96446145434663,0.07725438751885226
10,0.07233385415747762,0.32736978399903915,0.3228770906775429,84.8136645962733,84.98876131462244,0.035295861965588315
11,0.06769339554011822,0.32733024641012415,0.3229094550614889,84.80124223602485,84.9705364194156,0.059499517507298136
12,0.06839462136849761,0.32729652430891815,0.3229404628210678,84.8136645962733,84.9705364194156,0.059985551503029096
13,0.06862359074875712,0.3272637103432561,0.32296961003509833,84.80745341614907,84.95838648927769,0.06912992856746752
14,0.07156302407383919,0.3272530094976406,0.32298293030347736,84.80745341614907,84.95838648927769,0.02523313231559762
15,0.07128464104607701,0.3272166131462244,0.32302433269278014,84.80745341614907,84.95838648927769,0.09982289210603094
16,0.0714250048622489,0.32718367200145787,0.3230611349844278,84.8136645962733,84.95231152420874,0.11570675778338155
17,0.07317417114973068,0.327162382925978,0.3230809589320924,84.80745341614907,84.94016159407083,0.09390477332164034
18,0.07859201589599252,0.32714904911982506,0.3230953469681286,84.82608695652173,84.92193669886399,0.07031584219506898
19,0.07257747370749712,0.32713420434826096,0.3231178579454979,84.81987577639751,84.92193669886399,0.09163084948234079
