,train_loss,test_loss,train_acc,test_acc
0,0.32624907178447043,0.3259130754951357,84.68805704099822,84.74298299048779
