,train_loss,test_loss,train_acc,test_acc
0,0.3270484354692051,0.3231980078281407,84.83229813664596,84.95231152420874
