,times,train_loss,test_loss,train_acc,test_acc,eta
0,0.08368979208171368,0.13305151562899065,0.12581019675474234,89.95811030951828,90.0095205921194,3.8373578366756544
1,0.07019025878980756,0.11249214882544774,0.10906399329946716,90.45264137770538,90.39034427689568,1.8286280689930443
2,0.07376362103968859,0.11087687691399914,0.1072924670541101,90.51082150337444,90.40570007063666,1.7155026091814976
3,0.07932175416499376,0.10970230252604829,0.10617926425110788,90.59227367931115,90.46098092810418,1.8304485296539221
4,0.06987676303833723,0.10930051376766717,0.10592002124115603,90.59809169187805,90.46098092810418,1.8264532694795015
5,0.06536735827103257,0.10928260268100522,0.10563991263101045,90.61554572957877,90.45176745185958,1.927649503630389
6,0.06787419319152832,0.10916336263185854,0.10557389512555913,90.60972771701186,90.46098092810418,1.9092805956600432
7,0.07015705434605479,0.10907720783611624,0.10575351831872855,90.57481964161043,90.46098092810418,1.4805910417253465
8,0.06591627188026905,0.1090089015447834,0.1058263933327954,90.58063765417734,90.47019440434876,1.894711120926886
