,train_loss,test_loss,train_acc,test_acc
0,0.4918628317667216,0.48916024713262873,0.0,0.0
