,train_loss,test_loss,train_acc,test_acc
0,0.11121258861557305,0.11162155232090636,98.48300970873787,98.12598780763152
