,times,train_loss,test_loss,train_acc,test_acc,eta
0,0.026577911339700222,0.5423529432874539,0.5418429314143616,89.42438229704045,89.26928249534011,0.3097054730724509
1,0.029451037291437387,0.16998599268777234,0.17080116880020843,89.57371707846863,89.34950333860274,0.3097054730724509
2,0.031009124126285315,0.13065845410441182,0.13280982015717258,89.98099375509096,89.82375008847887,0.3097054730724509
3,0.02932692226022482,0.11498837061222268,0.12035921821724209,90.4289980993755,90.00778614066961,0.3097054730724509
4,0.031191978603601456,0.11089328311687838,0.11696166921840759,90.78197121911485,90.17294670032797,0.3097054730724509
5,0.028827227652072906,0.11038621753335065,0.11654942800158645,90.82269888677709,90.17294670032797,0.3097054730724509
6,0.028909720946103334,0.10997579712688407,0.1155204903296007,90.83627477599782,90.19890050256,0.3097054730724509
7,0.03263587178662419,0.10982432127649028,0.11535174726467534,90.8905783328808,90.21541655852582,0.3097054730724509
