,times,train_loss,test_loss,train_acc,test_acc,eta
0,0.04695861414074898,0.6425948779534958,0.6423833266913427,89.4379581862612,89.25748531250737,0.0861773876012753
1,0.05263310298323631,0.24641510185242652,0.24679013950279038,89.47868585392344,89.40848925276644,0.0861773876012753
2,0.036621872801333666,0.17027163627433656,0.1708682631335082,89.51941352158566,89.3471439020362,0.0861773876012753
3,0.03640204714611173,0.14428270787008984,0.1446211285694699,89.64159652457236,89.56185262959205,0.0861773876012753
4,0.04334024898707867,0.12869611635750217,0.13036408599931473,89.96741786587022,89.85206332727745,0.0861773876012753
5,0.039607333950698376,0.11756927249478752,0.12208606808733681,90.34754276405104,89.94172191680627,0.0861773876012753
6,0.027346945367753506,0.11389167064221781,0.11997182600317498,90.56475699158295,90.01486445036926,0.0861773876012753
7,0.03300798498094082,0.11219088459558695,0.11900967803856065,90.71409177301113,90.09272585706533,0.0861773876012753
8,0.030216726940125227,0.11146543788015288,0.1183491696352264,90.71409177301113,90.10216360333152,0.0861773876012753
9,0.02957924222573638,0.11038101051971264,0.11670297460410783,90.7955471083356,90.18238444659416,0.0861773876012753
10,0.03227031230926514,0.11007967624719568,0.1161014073226842,90.82269888677709,90.21777599509237,0.0861773876012753
11,0.03637759108096361,0.10997331254760766,0.11595974895987482,90.83627477599782,90.20125993912654,0.0861773876012753
12,0.035421180073171854,0.1098558531351604,0.11559624282135239,90.83627477599782,90.19890050256,0.0861773876012753
