,train_loss,test_loss,train_acc,test_acc
0,0.3235909298578499,0.3240896311953171,84.88989895887718,84.98863706160556
