,train_loss,test_loss,train_acc,test_acc
0,0.5065002984696237,1.2257293537744685,77.31295253419147,4.878048780487805
