,times,train_loss,test_loss,train_acc,test_acc,eta
0,35.342284922488034,0.6823323885202607,0.6825635226142175,54.257822222222224,54.1142,0.3097054730724509
1,36.44593194499612,0.48600689019029536,0.48557244763906193,76.9255111111111,76.8834,0.3097054730724509
2,36.523855538107455,0.4592055783768664,0.45765053918198384,78.89148888888889,78.8802,0.3097054730724509
3,37.36912720836699,0.4530813212366154,0.45097637090692383,79.22662222222222,79.2496,0.3097054730724509
4,37.77774238958955,0.45276664058613325,0.45057600226144495,79.23546666666667,79.2668,0.3097054730724509
5,38.2199485655874,0.45243842343641466,0.4501187895191178,79.25528888888888,79.2906,0.3097054730724509
6,38.30856719519943,0.45171402062156746,0.4484049474878292,79.34937777777778,79.3858,0.3097054730724509
