,times,train_loss,test_loss,train_acc,test_acc,eta
0,37.19028763193637,0.688943833617241,0.6891881094650915,54.257822222222224,54.1142,0.023979370012757645
1,37.30990842077881,0.682101128208942,0.6823418434065169,54.257822222222224,54.1142,0.023979370012757645
2,37.63183564879,0.4896740508926622,0.4893381952063665,76.64935555555556,76.6024,0.023979370012757645
3,37.384416276589036,0.4654572193751445,0.4641352740615034,78.48317777777778,78.4614,0.023979370012757645
4,37.558222165331244,0.45303140416138793,0.45098109784083196,79.22526666666667,79.2572,0.023979370012757645
5,38.016167527996004,0.4529698973704083,0.4508532178080365,79.22946666666667,79.2558,0.023979370012757645
6,38.85434286855161,0.452625767275682,0.45036520592400486,79.24268888888889,79.279,0.023979370012757645
7,39.52216467540711,0.45175659222075476,0.4486583643838681,79.32837777777777,79.3616,0.023979370012757645
