,times,train_loss,test_loss,train_acc,test_acc,eta
0,36.97008902952075,0.6874812524225828,0.687722803069904,54.257822222222224,54.1142,0.0861773876012753
1,37.684837247245014,0.5639058644432577,0.5639298803344877,75.94102222222222,75.9324,0.0861773876012753
2,38.06636239588261,0.46600659429487096,0.46471511665068393,78.44635555555556,78.4314,0.0861773876012753
3,35.37839839607477,0.4597031295707358,0.4581325238884529,78.87233333333333,78.8702,0.0861773876012753
4,35.49386340007186,0.4530522325673904,0.4498420067907662,79.24688888888889,79.3018,0.0861773876012753
5,37.244696975685656,0.45172300079693667,0.4484760779982793,79.33928888888889,79.37559999999999,0.0861773876012753
