,train_loss,test_loss,train_acc,test_acc
0,0.005800468596355333,0.0024313411185236645,100.0,100.0
