,times,train_loss,test_loss,train_acc,test_acc,eta
0,2.234521597158164,0.0012108178453287563,0.0014190367220480932,99.93636024490333,99.90695551420245,0.10011484775059554
1,1.92858577799052,0.0011786990674506788,0.0013746506422596153,99.94162698325616,99.9297777465679,0.10011484775059554
2,1.8282679081894457,0.0011763840437084743,0.0013471951305990726,99.9420658781189,99.92802219023208,0.10011484775059554
3,1.678146380931139,0.0011025338692597301,0.0012740180108008201,99.94118808839343,99.92802219023208,0.10011484775059554
