,times,train_loss,test_loss,train_acc,test_acc,eta
0,0.7141746310517192,0.31973837510930964,0.3140881085161704,90.24285714285715,90.49955834723721,0.3097054730724509
1,0.7257413845509291,0.31968944761657675,0.3139739735330192,90.24285714285715,90.49955834723721,0.3097054730724509
2,0.7268976271152496,0.3196655032179399,0.31394616915010376,90.24285714285715,90.49955834723721,0.3097054730724509
3,0.7348047876730561,0.27949609063647085,0.250661159940913,90.35428571428571,90.54863087643537,0.3097054730724509
4,0.7341873934492469,0.27597860751702286,0.24714727901240902,90.37428571428572,90.57807439395427,0.3097054730724509
5,0.7374416384845972,0.2728733166987953,0.24250818898524143,90.41142857142857,90.80162702696808,0.3097054730724509
6,0.7394671374931931,0.2726258952946085,0.242173758895001,90.41428571428571,90.7885410191819,0.3097054730724509
7,0.7419230006635189,0.27241411493243833,0.24139806836918898,90.42571428571429,90.77436451074688,0.3097054730724509
8,0.7459684042260051,0.272152487164804,0.2409327742529127,90.43428571428572,90.79617452372383,0.3097054730724509
