,times,train_loss,test_loss,train_acc,test_acc,eta
0,0.7128167701885104,0.3197068833824569,0.3139935378488001,90.24285714285715,90.49955834723721,1.113023760882849
1,0.7244914816692472,0.3196234010534946,0.31390036186221637,90.24285714285715,90.49955834723721,1.113023760882849
2,0.7338237781077623,0.3189387301777948,0.3131148348599159,90.24285714285715,90.49955834723721,1.113023760882849
3,0.7476938739418983,0.27956684377754637,0.25148764598783957,90.33142857142857,90.52791136410727,1.113023760882849
4,0.7350484607741237,0.2769876446090715,0.24864012114613468,90.36857142857143,90.56716938746578,1.113023760882849
5,0.7369455508887768,0.2729799921749187,0.243158485036178,90.41428571428571,90.84742805421969,1.113023760882849
6,0.7388045508414507,0.27216620463106295,0.2408980700749541,90.43428571428572,90.83325154578466,1.113023760882849
