,train_loss,test_loss,train_acc,test_acc
0,0.25572004410441423,0.2577476017826707,90.07724999999999,89.81400000000001
