,times,train_loss,test_loss,train_acc,test_acc,eta
0,32.766318078152835,0.26635102407623185,0.264790985834068,83.3605143661041,83.47885511737701,5.512792664275943
