,times,train_loss,test_loss,train_acc,test_acc,eta
0,0.12866047397255898,0.3321263508935679,0.3310213504014594,84.47529252787076,84.52797739696578,0.0568636857434709
1,0.09408480999991298,0.3372630925460463,0.3362158717294125,84.84690273640244,84.97635280388182,0.14495422998769217
2,0.09216110175475478,0.3253819295584696,0.3252330744067963,84.90525475261816,85.03777409250046,0.11690099700086375
3,0.08647297602146864,0.32429799804112475,0.3242052818432122,84.90525475261816,84.98249493274369,0.10494504081713579
4,0.09327499009668827,0.32388073431789,0.32404870222329535,84.87147200638802,85.01320557705301,0.10762473316396294
5,0.08997661108151078,0.323768186602131,0.3240101619401356,84.8776143238844,84.99477919046741,0.14080449833445444
6,0.11388606997206807,0.32370686984756897,0.32403181321917635,84.8806854826326,84.98249493274369,0.14799729792243177
7,0.09418815886601806,0.3236759692326898,0.32403555959847513,84.88682780012898,84.98249493274369,0.12692816149691147
