,train_loss,test_loss,train_acc,test_acc
0,0.36309842692506245,0.36896991360029247,0.0,0.0
