,times,train_loss,test_loss,train_acc,test_acc,eta
0,15.816886135842651,0.49191225040040876,0.48924588236294736,0.0,0.0,0.001192109202608496
