,times,train_loss,test_loss,train_acc,test_acc,eta
0,0.0442447611130774,0.14269128422180466,0.1402846767506734,89.86650485436893,89.73181806778555,400.0
1,0.053107937797904015,0.1159436203324951,0.11718828614925433,90.3418284789644,90.15328265723389,400.0
2,0.06128711998462677,0.11269620262352066,0.11405374500587549,90.52386731391586,90.2034570131206,400.0
3,0.05839790077880025,0.11194369502488888,0.11298118871606538,90.53398058252426,90.28624470033365,400.0
4,0.04199761990457773,0.11158693746517684,0.11261738044071178,90.55420711974111,90.303805724894,400.0
5,0.031981459353119135,0.11141675237772765,0.1123359386912211,90.55420711974111,90.29878828930534,400.0
6,0.032278492115437984,0.1113277593162303,0.11217750163300623,90.56432038834951,90.30631444268835,400.0
7,0.03116275044158101,0.11127993668648611,0.11204841398243952,90.58454692556634,90.303805724894,400.0
