,train_loss,test_loss,train_acc,test_acc
0,0.3253037258724552,0.32401884955665583,84.80124223602485,84.96446145434663
