,times,train_loss,test_loss,train_acc,test_acc,eta
0,0.08340935688465834,0.18489434139987296,0.1842307011342061,88.29894822006473,88.28930533604274,4.516910231523028
1,0.08412786200642586,0.17360208070771832,0.161859006084703,89.62378640776699,89.443315521437,2.714803814542109
2,0.0725454781204462,0.13908765646625118,0.13291950233806937,89.96763754045307,89.72178319660821,2.0761780898102686
3,0.07875097310170531,0.12584638271768414,0.12183639675420428,90.2002427184466,89.93000677353804,2.032545062263106
4,0.06146493786945939,0.1209924481514922,0.11816896839466465,90.32160194174757,90.04540779207747,2.2161228840078335
5,0.05468087922781706,0.12115778350379414,0.11693858512823284,90.45307443365695,90.17836983517724,2.0960327021069505
6,0.0905396449379623,0.11637857889106971,0.11304912955681748,90.56432038834951,90.30631444268835,2.0688231828789787
7,0.06739799492061138,0.11622398830496641,0.11157707325505616,90.60477346278317,90.3740498231354,1.2223969357752278
8,0.05553910555317998,0.11442829088781079,0.11098621219601575,90.61488673139158,90.35648879857504,2.0276970804206194
9,0.06811050698161125,0.1124185519253165,0.11093803467793147,90.63511326860842,90.36401495195805,1.9671296868878325
10,0.050703729037195444,0.11196042410176837,0.11090036760392606,90.64522653721683,90.36903238754672,1.8473592863989894
11,0.04879199806600809,0.1115750449345092,0.11107479001514438,90.625,90.35899751636939,1.8568096736297826
12,0.05347911501303315,0.11137682619911367,0.11130321320782664,90.625,90.34143649180903,1.8301075537617266
13,0.052987074945122004,0.11130055678172396,0.11143345936669845,90.60477346278317,90.32136674945436,2.1960612292966033
