,times,train_loss,test_loss,train_acc,test_acc,eta
0,0.0022413376718759537,0.606886317826029,0.6566456488608783,71.625,63.5,1.113023760882849
1,0.0024994714185595512,0.5960233479063035,0.6714092333873104,71.625,63.5,1.113023760882849
2,0.0025302451103925705,0.595620228683683,0.6712577272740171,71.625,63.5,1.113023760882849
3,0.0027637998573482037,0.5629137905178659,0.623483215055859,71.625,63.5,1.113023760882849
4,0.0027341539971530437,0.5577604274936535,0.5956798215402307,71.75,63.5,1.113023760882849
5,0.002921314910054207,0.5574618536909222,0.5911128767782667,71.75,63.5,1.113023760882849
