,train_loss,test_loss,train_acc,test_acc
0,0.20291195347485005,0.19805233648379936,92.74142857142857,92.89571428571428
