,train_loss,test_loss,train_acc,test_acc
0,0.1171594580776148,0.12334286665897241,98.47262247838616,97.77436850407312
