,times,train_loss,test_loss,train_acc,test_acc,eta
0,0.6196606331504881,0.1998282881469937,0.1912793363146635,0.0,0.0,0.27825594022071226
1,0.7104895319789648,0.19982433060283103,0.1912790002324167,0.0,0.0,0.27825594022071226
2,0.7786991577595472,0.19982033805562419,0.19126216165231716,0.0,0.0,0.27825594022071226
3,0.7994083799421787,0.18625259832107696,0.17229875144206683,0.0,0.0,0.27825594022071226
4,0.8597775469534099,0.18618722466218057,0.17264130037850645,0.0,0.0,0.27825594022071226
5,0.9059800249524415,0.18616671275620472,0.17291279981018776,0.0,0.0,0.27825594022071226
6,0.9433260792866349,0.18730906291414573,0.17228879675144934,0.0,0.0,0.27825594022071226
7,1.0220075538381934,0.18585495269883723,0.17206171458912314,0.0,0.0,0.27825594022071226
8,1.0816678297705948,0.18571477213066254,0.171666286639584,0.0,0.0,0.27825594022071226
