,times,train_loss,test_loss,train_acc,test_acc,eta
0,0.6116541689261794,0.19981797842549323,0.1912806651542707,0.0,0.0,0.9999999999999999
1,0.7160577769391239,0.19980377011617814,0.1912632264033626,0.0,0.0,0.9999999999999999
2,0.8316658148542047,0.19978543854910685,0.1913282831815858,0.0,0.0,0.9999999999999999
3,0.8047242159955204,0.18626457696924456,0.17340686515443057,0.0,0.0,0.9999999999999999
4,0.8597205840051174,0.1859854553822499,0.17257879250865094,0.0,0.0,0.9999999999999999
5,0.9098995081149042,0.18574542777902112,0.17142998128001036,0.0,0.0,0.9999999999999999
