,times,train_loss,test_loss,train_acc,test_acc,eta
0,0.002009641844779253,0.6925945186328094,0.6924394586391143,51.7,52.0,1.113023760882849
1,0.002002586144953966,0.6924905084658418,0.692280066841333,51.7,52.0,1.113023760882849
2,0.0019759703427553177,0.6922717647453953,0.692023001456531,51.7,52.0,1.113023760882849
3,0.00250441487878561,0.6889360560564062,0.6883211562942251,51.7,52.0,1.113023760882849
4,0.0022211801260709763,0.6759025512154319,0.6674468611876363,54.4,54.252873563218394,1.113023760882849
5,0.0020027412101626396,0.6723764901745203,0.6541541839313016,72.6,74.02298850574712,1.113023760882849
