,times,train_loss,test_loss,train_acc,test_acc,eta
0,0.015686036087572575,0.1560613371358318,0.14927502397157133,89.45244956772335,89.33209447049418,400.0
1,0.011204531881958246,0.1240611432134234,0.12785002559883848,90.48991354466858,89.81179368612113,400.0
2,0.011554216034710407,0.11953434526889298,0.12498194450365861,90.69164265129683,89.99330149743945,400.0
3,0.012851614970713854,0.11820944485279306,0.1239031029919902,90.69164265129683,89.98897988288425,400.0
4,0.012986555695533752,0.11771780403773521,0.1234488238585194,90.80691642651297,90.01490957021544,400.0
5,0.01157962391152978,0.1174754130655771,0.12341976652394304,90.77809798270893,89.96088938827546,400.0
6,0.014165567234158516,0.11734744696533836,0.1233148112137632,90.835734870317,89.99546230471704,400.0
7,0.012917733751237392,0.11727336735651171,0.12333728053252659,90.77809798270893,89.96521100283066,400.0
8,0.011030719615519047,0.1172305823351938,0.12334591808412637,90.77809798270893,89.96953261738585,400.0
