,train_loss,test_loss,train_acc,test_acc
0,0.10544958088813197,0.10598114696483402,98.35979264539122,98.35973979327134
