,times,train_loss,test_loss,train_acc,test_acc,eta
0,11.711227418854833,0.4910768455884477,0.4883569318680154,0.0,0.0,0.48898329609725116
