,times,train_loss,test_loss,train_acc,test_acc,eta
0,0.032960496842861176,0.13342110874646543,0.13273302068732415,89.79571197411003,89.7920272948496,0.6666666666666666
1,0.03787306975573301,0.12514824610244646,0.12413948858537685,90.00809061488673,89.95760266927573,0.6666666666666666
2,0.029635850340127945,0.11915629756256708,0.11977161881953614,90.18001618122977,90.06547753443215,0.6666666666666666
3,0.036982694175094366,0.11544148199302136,0.11640841732409572,90.33171521035598,90.12317804370187,0.6666666666666666
4,0.03439901163801551,0.11454040721092901,0.11576850438841926,90.39239482200648,90.15579137502823,0.6666666666666666
5,0.031828041188418865,0.11342117481815352,0.11482959102275712,90.44296116504854,90.20847444870927,0.6666666666666666
6,0.043242902029305696,0.11310997605520867,0.11450117309408507,90.44296116504854,90.20847444870927,0.6666666666666666
7,0.05480743804946542,0.11286630098462226,0.11427412215619458,90.45307443365695,90.21600060209227,0.6666666666666666
8,0.057894589845091105,0.1122542522463009,0.11363846490208239,90.50364077669903,90.25112265121297,0.6666666666666666
9,0.046147781889885664,0.11191309966301337,0.1132315952343002,90.50364077669903,90.25614008680164,0.6666666666666666
10,0.03242381289601326,0.11171953761538506,0.1129764820461745,90.50364077669903,90.2536313690073,0.6666666666666666
11,0.03328297100961208,0.11158938767422047,0.11278456802761518,90.52386731391586,90.29878828930534,0.6666666666666666
12,0.03983515594154596,0.11145899797756686,0.11256274915860226,90.55420711974111,90.30129700709968,0.6666666666666666
13,0.030579526908695698,0.11143461318052461,0.11251439507069187,90.55420711974111,90.30129700709968,0.6666666666666666
14,0.03792464826256037,0.11139469676241653,0.1124292674803564,90.55420711974111,90.30129700709968,0.6666666666666666
15,0.041799132246524096,0.11135875178262039,0.11234322052839531,90.55420711974111,90.30129700709968,0.6666666666666666
16,0.0347204958088696,0.11133283460394014,0.11227463653163486,90.55420711974111,90.30631444268835,0.6666666666666666
17,0.03704523202031851,0.111310817296983,0.11220985639392012,90.56432038834951,90.303805724894,0.6666666666666666
