,times,train_loss,test_loss,train_acc,test_acc,eta
0,0.03444375330582261,0.12988790563296737,0.12954689901165575,89.85639158576052,89.90742831338903,0.6666666666666666
1,0.04331891378387809,0.12101961780990796,0.12061540221270009,90.28114886731392,90.08052984119817,0.6666666666666666
2,0.043218506034463644,0.1163853968367879,0.1170171965407675,90.39239482200648,90.18087855297158,0.6666666666666666
3,0.03965551359578967,0.1136696786262562,0.11474921573461636,90.43284789644014,90.22854419106395,0.6666666666666666
4,0.038841038942337036,0.11268904834592558,0.11374551062115228,90.50364077669903,90.25614008680164,0.6666666666666666
5,0.032381793949753046,0.11225923785067325,0.11332079654602539,90.50364077669903,90.26868367577332,0.6666666666666666
6,0.03830260690301657,0.11184881718139816,0.11290692801866299,90.51375404530745,90.26617495797898,0.6666666666666666
7,0.03873391216620803,0.11165960694464358,0.11269357885135538,90.52386731391586,90.29878828930534,0.6666666666666666
8,0.03677336685359478,0.11147407359768238,0.11245484388521271,90.54409385113269,90.29377085371667,0.6666666666666666
9,0.03719036094844341,0.11143063047353882,0.11238567027649946,90.54409385113269,90.29627957151101,0.6666666666666666
10,0.047938588075339794,0.11135053914753405,0.11224699123086766,90.55420711974111,90.30129700709968,0.6666666666666666
11,0.04905099933966994,0.11133018099092992,0.11219939048498218,90.57443365695792,90.303805724894,0.6666666666666666
12,0.0682876668870449,0.11126616421381974,0.11203198904016676,90.58454692556634,90.303805724894,0.6666666666666666
