,train_loss,test_loss,train_acc,test_acc
0,0.21820031396703682,0.4487513024210356,0.0,0.0
