,times,train_loss,test_loss,train_acc,test_acc,eta
0,0.021069091744720936,0.1654749270524838,0.16259442240200567,89.70528865563182,89.39541377559655,0.6666666666666666
1,0.022793016862124205,0.13624863078610477,0.13939960645511396,90.23011707710941,89.6386867490269,0.6666666666666666
2,0.00913655199110508,0.1284826263886887,0.13458240700793062,90.39160274525636,89.81426637332882,0.6666666666666666
3,0.009088195860385895,0.12454582124482311,0.13237565122207828,90.47234557932984,89.84176679641226,0.6666666666666666
4,0.010324226226657629,0.12008590909042932,0.13093298878607623,90.55308841340332,89.88407513961754,0.6666666666666666
5,0.020353701896965504,0.11871837908346394,0.1304532000518491,90.63383124747679,89.86292096801489,0.6666666666666666
6,0.010643372777849436,0.1179217321318668,0.13012020062278976,90.67420266451353,89.85234388221357,0.6666666666666666
7,0.012528982013463974,0.11773319633586166,0.12998298813560263,90.63383124747679,89.88830597393806,0.6666666666666666
8,0.011023212689906359,0.11759837912698735,0.12988937291305358,90.63383124747679,89.89465222541885,0.6666666666666666
9,0.010249745566397905,0.11720254501517938,0.12977136593373254,90.63383124747679,89.89676764257912,0.6666666666666666
10,0.010481434408575296,0.11704162416378329,0.12974864434814093,90.63383124747679,89.88407513961754,0.6666666666666666
11,0.009611661080271006,0.1170118765845353,0.12975766803873257,90.63383124747679,89.88195972245727,0.6666666666666666
12,0.010430501773953438,0.11692109144094265,0.1297763570141147,90.71457408155027,89.87772888813674,0.6666666666666666
13,0.013393020257353783,0.11687716632268005,0.1298137192427243,90.71457408155027,89.87772888813674,0.6666666666666666
