,train_loss,test_loss,train_acc,test_acc
0,0.001065878639557886,0.001182918248572727,99.94250477298164,99.93153330290369
