,train_loss,test_loss,train_acc,test_acc
0,0.2683465875664268,0.26656450136235094,83.35187818224601,83.4723466889622
