,train_loss,test_loss,train_acc,test_acc
0,0.32277487661434956,0.32462976669534127,84.90218359386996,84.98863706160556
