,train_loss,test_loss,train_acc,test_acc
0,0.3214253777725929,0.3342435822520603,85.00313741895002,84.44204463642907
