,train_loss,test_loss,train_acc,test_acc
0,0.33124204152546166,0.346224139194247,84.10596026490066,84.04079746501189
