,train_loss,test_loss,train_acc,test_acc
0,0.21559742220245795,0.20762540786911687,86.41435449923596,86.33375619882366
