,times,train_loss,test_loss,train_acc,test_acc,eta
0,122.5837124120444,0.09975310542340694,0.10145203115290762,96.46768317708859,96.42049108099741,3.9999999999999996
1,118.07640388142318,inf,inf,95.12625935860929,95.05100542205498,3.9999999999999996
2,136.09263643529266,inf,inf,97.0982654967297,97.01215397683521,3.9999999999999996
3,153.37346987053752,,,0.0037708318613880465,0.003334206577918053,3.9999999999999996
4,168.30067607201636,,,0.0037708318613880465,0.003334206577918053,3.9999999999999996
5,183.3793581649661,,,0.0037708318613880465,0.003334206577918053,3.9999999999999996
6,201.8491857824847,,,0.0037708318613880465,0.003334206577918053,3.9999999999999996
7,223.0418746760115,,,0.0037708318613880465,0.003334206577918053,3.9999999999999996
8,236.68433544039726,,,0.0037708318613880465,0.003334206577918053,3.9999999999999996
9,250.01754391752183,,,0.0037708318613880465,0.003334206577918053,3.9999999999999996
10,266.27572801709175,,,0.0037708318613880465,0.003334206577918053,3.9999999999999996
11,272.268531370908,,,0.0037708318613880465,0.003334206577918053,3.9999999999999996
12,266.39524571970105,,,0.0037708318613880465,0.003334206577918053,3.9999999999999996
13,265.57332909666,,,0.0037708318613880465,0.003334206577918053,3.9999999999999996
14,268.4349581999704,,,0.0037708318613880465,0.003334206577918053,3.9999999999999996
15,268.0323742367327,,,0.0037708318613880465,0.003334206577918053,3.9999999999999996
16,269.8198363184929,,,0.0037708318613880465,0.003334206577918053,3.9999999999999996
