,times,train_loss,test_loss,train_acc,test_acc,eta
0,21.41408909810707,0.2672798807569066,0.2654809590705794,83.3598885556796,83.4791054415468,0.4526503446327827
