,train_loss,test_loss,train_acc,test_acc
0,0.02230153462897897,0.07506391112627706,99.81157190519819,97.41391232194717
