,times,train_loss,test_loss,train_acc,test_acc,eta
0,5.338745744898915,0.4911174999112283,0.48838547650362135,0.0,0.0,5.031401600853384
