,times,train_loss,test_loss,train_acc,test_acc,eta
0,0.025872934143990278,0.37891465832179333,0.37504729154936556,82.41758241758242,82.46187363834423,4.3738538400944815
1,0.03121399087831378,0.3728545694401498,0.36646788672827435,83.23390894819467,83.76225490196079,3.5520197495996446
2,0.023207583464682102,0.36389206355916354,0.3565360204194464,84.17582417582418,84.02437363834423,3.0675013642137796
3,0.026404228061437607,0.34518893574911774,0.3440586752576213,84.74097331240188,84.13330610021787,3.3493530191940373
4,0.024197660852223635,0.33782578347455594,0.3380335097538766,84.89795918367346,84.5077614379085,3.2889009162235254
5,0.02237654523923993,0.33305944362205253,0.3372016772030468,84.61538461538461,84.38521241830065,3.5309992623353286
6,0.027785792015492916,0.33131156154965025,0.3360166610703494,84.55259026687598,84.43967864923748,3.553428468729023
7,0.02195875719189644,0.3307529476271997,0.3374361488329636,84.36420722135009,84.2218137254902,3.6898342914836015
8,0.03402857715263963,0.3299007351343801,0.335695068418827,84.52119309262166,84.37159586056644,3.907133327154396
9,0.04234319692477584,0.3295021526644065,0.3351257033813507,84.70957613814757,84.49074074074073,2.908129460240788
10,0.0424152878113091,0.32923374691801544,0.33438557265632857,84.64678178963894,84.55541938997821,3.0943521687207203
11,0.02404507389292121,0.32964048332917845,0.33449072574161437,84.55259026687598,84.51797385620915,2.875536668809328
12,0.027195749804377556,0.3291606555213762,0.3341744310025407,84.64678178963894,84.60648148148148,2.8722024472474645
13,0.02111815521493554,0.32916237358820843,0.3340392277527072,84.67817896389325,84.64392701525054,4.267411765164898
14,0.019567595329135656,0.3290526444006209,0.3339616922658474,84.67817896389325,84.640522875817,4.9352367981902265
15,0.021744783967733383,0.3289844612505121,0.3338380771463217,84.70957613814757,84.63371459694989,4.475053335928753
16,0.02003536792472005,0.3289263329307113,0.3337948986285934,84.67817896389325,84.60988562091504,4.1840380799134484
17,0.022512794006615877,0.32886221334202087,0.33367279046555653,84.74097331240188,84.64392701525054,2.9376106732262928
18,0.020024972967803478,0.3288374501074689,0.3336942445436068,84.80376766091052,84.62009803921569,3.769640610964981
