,train_loss,test_loss,train_acc,test_acc
0,0.2193212229859127,0.31395995788243464,0.0,0.0
