,train_loss,test_loss,train_acc,test_acc
0,0.35469200073706547,0.353558401537506,0.0,0.0
