,times,train_loss,test_loss,train_acc,test_acc,eta
0,0.0814705602824688,0.33368959978471907,0.3231848054865203,84.43778639407824,85.2407501267106,0.1916602138617453
1,0.07948624715209007,0.3271805191348692,0.3174681107911938,84.69774409587592,85.45362392295996,0.19994712574195014
2,0.08009312767535448,0.32679814669636903,0.3174982574546674,84.71977440958759,85.40293968575773,0.18787636812158826
3,0.0791168101131916,0.32658486752601446,0.3175348509824898,84.74180472329925,85.38266599087683,0.22666057168321607
4,0.07948515377938747,0.32643207117506623,0.3176020015066988,84.75061684878392,85.34211860111506,0.25561227640243867
5,0.07730711437761784,0.32633099591354003,0.31765740659857505,84.74621078604159,85.38266599087683,0.2573002220138283
6,0.07308528106659651,0.3262644294839287,0.3177106303221,84.75061684878392,85.36239229599595,0.235246038996851
7,0.07319825422018766,0.3262172756483135,0.3177337463368027,84.76383503701092,85.36239229599595,0.22278504101350105
8,0.07330204453319311,0.32617675677374336,0.31777698983492486,84.75061684878392,85.3725291434364,0.2564086009922569
9,0.07318305969238281,0.3261463053947261,0.31781522014389896,84.74621078604159,85.36239229599595,0.25909641867845207
10,0.07666190154850483,0.3261259740134165,0.3178506933851554,84.74621078604159,85.38266599087683,0.22180065641428973
11,0.07378371059894562,0.3261114156697782,0.31786656357329107,84.74180472329925,85.38266599087683,0.19539696098354437
