,times,train_loss,test_loss,train_acc,test_acc,eta
0,0.08291157009080052,0.3408576348697952,0.3349553625159871,84.16149068322981,84.77613753720917,0.15715425477090325
1,0.07093099597841501,0.3281495676464778,0.322721484940965,84.72670807453416,84.95231152420874,0.2193092502923035
2,0.06925026699900627,0.3275381027204458,0.322597080961907,84.74534161490683,84.97661138448454,0.2029050621041469
3,0.0748105589300394,0.3273182834322924,0.322787681609603,84.82608695652173,84.98876131462244,0.2292959534653859
4,0.08754313597455621,0.3272305026692048,0.32289184118834297,84.83229813664596,84.95838648927769,0.1816248277367927
5,0.07295391708612442,0.3271670269151855,0.3229880890722022,84.80745341614907,84.95231152420874,0.2176867916944576
6,0.07477838546037674,0.3271274488301056,0.3230545641558014,84.82608695652173,84.91586173379503,0.2212269278870654
