,times,train_loss,test_loss,train_acc,test_acc,eta
0,0.004038473125547171,0.5600844607427168,1.182782674766466,76.18664521319388,0.0,1.113023760882849
1,0.004217828158289194,0.5483981502697681,1.435309898885051,76.18664521319388,0.0,1.113023760882849
2,0.003921228926628828,0.548247261917239,1.4356802564273787,76.18664521319388,0.0,1.113023760882849
3,0.004315250087529421,0.5354417044157626,1.3779363596252916,76.18664521319388,0.0,1.113023760882849
4,0.0038828919641673565,0.5337482565135534,1.364645709912848,76.18664521319388,0.0,1.113023760882849
