,times,train_loss,test_loss,train_acc,test_acc,eta
0,10.683158789761364,0.49120517411327674,0.4884896113865723,0.0,0.0,0.2715058610185423
