,times,train_loss,test_loss,train_acc,test_acc,eta
0,0.04581625992432237,0.13921427971713968,0.13221033362048934,89.54503141726786,89.47206781118516,400.0
1,0.04524196172133088,0.11386870472592643,0.11258739078253123,90.32464510123341,90.25828445072325,400.0
2,0.04546480067074299,0.1135418691652076,0.11093451653991296,90.3886432394694,90.31049414944259,400.0
3,0.044658242259174585,0.10942504066542404,0.10720619389406492,90.54572957877589,90.4394828168668,400.0
4,0.04509952710941434,0.10917847615258122,0.1066191964853672,90.57481964161043,90.49783483308252,400.0
5,0.04983613267540932,0.10905877455933007,0.10651028102024711,90.5573656039097,90.4364116581186,400.0
6,0.050081525929272175,0.10900525248335921,0.10637858721762974,90.5573656039097,90.45790976935598,400.0
