,train_loss,test_loss,train_acc,test_acc
0,0.25153889164824433,0.25775188389223186,90.091,89.807
