,times,train_loss,test_loss,train_acc,test_acc,eta
0,0.029422323685139418,0.14595604966543388,0.14309263740602043,90.00814553353244,89.7364509355166,400.0
1,0.022494473960250616,0.11354752566612918,0.11905661885761494,90.75481944067336,90.02902106976853,400.0
2,0.023165266029536724,0.11099069504535775,0.11710638159004357,90.78197121911485,90.14699289809593,400.0
3,0.025120753794908524,0.11032782747743303,0.11638291649324128,90.78197121911485,90.17766557346106,400.0
4,0.02667097793892026,0.11006602182543969,0.11613842083620712,90.82269888677709,90.18946275629379,400.0
5,0.02545073302462697,0.10993801073983653,0.11588187617927204,90.80912299755634,90.19890050256,400.0
6,0.030006736982613802,0.10986826885064185,0.11576695538364778,90.82269888677709,90.19890050256,400.0
7,0.02309684967622161,0.10982897826500844,0.11565869613087557,90.83627477599782,90.19654106599344,400.0
