,train_loss,test_loss,train_acc,test_acc
0,0.3251502089624346,0.32448025390004,79.00798431724898,79.13093196112064
