,times,train_loss,test_loss,train_acc,test_acc,eta
0,0.14503089897334576,0.14015003631326714,0.14391230832819188,90.15470597764458,89.75535778425191,0.1475850297035545
1,0.2165436539798975,0.1103348890524272,0.1125507065146402,90.51109671148551,90.23426587380771,0.2563009590222911
2,0.23005740763619542,0.10710952708829842,0.10919367835696277,90.60424428964846,90.30211118649478,0.3286943087642936
3,0.1416854141280055,0.10635832438904239,0.10806804701378162,90.66094281548679,90.33802929321148,0.2648464429093388
4,0.15479459194466472,0.10583239772451386,0.10724175624757436,90.70954155191964,90.37394739992817,0.4822897887605086
5,0.1767766927368939,0.10567124559798986,0.10684083509959034,90.72169123602787,90.39390190365965,0.31864846685291076
6,0.1764097479172051,0.10559429795859088,0.10662794328616308,90.72169123602787,90.39390190365965,0.27294884215641224
7,0.16909060394391418,0.10553609158538978,0.1064453454380515,90.73384092013607,90.39390190365965,0.35247518297939007
