,times,train_loss,test_loss,train_acc,test_acc,eta
0,46.67523227678612,0.34956000196996034,0.3478669264685993,0.0,0.0,0.4443821768542365
