,times,train_loss,test_loss,train_acc,test_acc,eta
0,0.011682807933539152,0.4909454138997237,0.3443260190116384,89.5841744045216,89.43137586732104,400.0
1,0.012155788950622082,0.16209646087390422,0.1523541267599955,89.90714574081551,89.47368421052632,400.0
2,0.010912795085459948,0.13320204040389305,0.135408820684698,90.55308841340332,89.79311220172617,400.0
3,0.011138939764350653,0.12185626646505865,0.13034720886311185,90.63383124747679,89.78253511592486,400.0
4,0.008848520927131176,0.11898942690048457,0.12924720875817208,90.71457408155027,89.84811304789304,400.0
5,0.01107186684384942,0.11774521658995864,0.12934625106767986,90.79531691562374,89.85445929937384,400.0
6,0.011163516901433468,0.1172828846845395,0.12953023240913125,90.754945498587,89.86715180233543,400.0
7,0.012731235008686781,0.11707770719770827,0.12952980991934537,90.754945498587,89.86926721949568,400.0
8,0.012578219175338745,0.1169517268823604,0.12974992224012497,90.71457408155027,89.87772888813674,400.0
9,0.012632306199520826,0.11689251180388413,0.1297935237381637,90.71457408155027,89.88619055677779,400.0
