,times,train_loss,test_loss,train_acc,test_acc,eta
0,19.93803904298693,0.270960943921412,0.2693114108164146,83.30544304874813,83.42678769005863,0.27825594022071226
1,20.5743107246235,0.2705019014986891,0.2688508881592032,83.30650692646978,83.42853995924722,0.27825594022071226
2,20.569015849381685,0.26777133535515196,0.26617672074147514,83.35757305710895,83.4781041448676,0.27825594022071226
