,times,train_loss,test_loss,train_acc,test_acc,eta
0,20.22040855512023,0.2735104881860992,0.271871253094432,83.30406626581423,83.42603671754922,0.07742636826811272
1,20.444707800634205,0.2711481021462168,0.26948911137207626,83.30506756249343,83.42628704171902,0.07742636826811272
2,20.652896237559617,0.2688514358588833,0.2672542955084648,83.33773486665231,83.45407302456681,0.07742636826811272
3,20.706826058216393,0.26749343400783926,0.2658667956207085,83.35544530166565,83.47535057899981,0.07742636826811272
