,times,train_loss,test_loss,train_acc,test_acc,eta
0,20.323909994214773,0.27758278760337224,0.2759602223840618,83.30381594164443,83.42628704171902,0.005994842503189411
1,20.644012479111552,0.2770519995911388,0.2754261735250678,83.30387852268689,83.42628704171902,0.005994842503189411
2,20.753866019658744,0.27146149859193985,0.26977897670722617,83.30444175206893,83.42628704171902,0.005994842503189411
3,20.917350109666586,0.2704199213206426,0.2687726406897006,83.30788370940368,83.42929093175663,0.005994842503189411
4,20.982579913921654,0.2703391381241432,0.26869747095599517,83.30944823546493,83.42979158009622,0.005994842503189411
5,21.02172099146992,0.26971634284085744,0.2680995421549176,83.32471800982272,83.44355940943521,0.005994842503189411
6,21.134029926732183,0.2697463985752825,0.2680829552911926,83.34743492823206,83.4633350188494,0.005994842503189411
7,21.131256985478103,0.26816144617737064,0.26654521239604895,83.34174005336911,83.45732723877421,0.005994842503189411
