,times,train_loss,test_loss,train_acc,test_acc,eta
0,20.50133233703673,0.2763147378077485,0.27468653130992005,83.30387852268689,83.42603671754922,0.021544346900318825
1,20.40270027797669,0.2748028519601829,0.27316563779500247,83.30387852268689,83.42603671754922,0.021544346900318825
2,20.56058998219669,0.2706357494075055,0.2689800097834444,83.30575595396039,83.42778898673782,0.021544346900318825
3,20.898455093614757,0.269924041812126,0.2683014875850898,83.31683279847402,83.43780195352983,0.021544346900318825
4,20.743210594169796,0.2686251099158618,0.2670302486531913,83.34511942966141,83.46058145298161,0.021544346900318825
5,20.859404738992453,0.2670469690371649,0.265454614682746,83.3489994542933,83.46633890888701,0.021544346900318825
