,times,train_loss,test_loss,train_acc,test_acc,eta
0,14.213973777834326,0.49116683662052973,0.48839833183543446,0.0,0.0,1.2990582143417062
