,times,train_loss,test_loss,train_acc,test_acc,eta
0,0.3740020268596709,0.11151551469806151,0.11664083444022355,97.40522412571093,96.58415156963076,0.6666666666666666
1,0.35851268330588937,0.09192660489754083,0.09836042793037665,97.98606669317337,97.01977596459687,0.6666666666666666
2,0.45960378320887685,0.07698755324202704,0.07783070298775083,98.28340276937439,97.08892269395658,0.6666666666666666
3,0.32297915779054165,0.07273789095674582,0.07619683017688761,98.63087109098139,97.19264278799612,0.6666666666666666
4,0.5167596759274602,0.07000998006199124,0.07178299899823316,98.92647846906495,97.3378509196515,0.6666666666666666
5,0.6244119019247591,0.06869374621916648,0.07018672253684662,99.13737963939357,97.4069976490112,0.6666666666666666
6,0.7650274559855461,0.06717080060552949,0.07040918633565993,99.26184590384982,97.44157101369105,0.6666666666666666
7,0.4766644290648401,0.06604004466703813,0.07104119900878193,99.32926513043027,97.43465634075508,0.6666666666666666
8,0.6029705591499805,0.06561256530221726,0.07133842626100155,99.33963731913497,97.44157101369105,0.6666666666666666
9,0.5056515289470553,0.06530051231857098,0.07159312961228252,99.35173820595709,97.4069976490112,0.6666666666666666
10,0.3769511659629643,0.06518916303117543,0.07167518172492378,99.36211039466178,97.41391232194717,0.6666666666666666
11,0.5213379650376737,0.06496009737967107,0.07193374008476366,99.36383909277923,97.43465634075508,0.6666666666666666
12,0.4110367479734123,0.0648326208824867,0.0720797838561109,99.36556779089668,97.4277416678191,0.6666666666666666
13,0.5544059341773391,0.06475239429242034,0.07216428305802967,99.37421128148391,97.42082699488314,0.6666666666666666
14,0.365200303029269,0.06471202328519401,0.07214455787355337,99.37248258336646,97.4277416678191,0.6666666666666666
15,0.4544190317392349,0.0646798516091713,0.07212820482942096,99.37593997960136,97.44157101369105,0.6666666666666666
