,times,train_loss,test_loss,train_acc,test_acc,eta
0,0.6839033770374954,0.3186075776278506,0.31282377272485534,90.24285714285715,90.49955834723721,0.12254752281087575
1,0.4777435869909823,0.31703075657581936,0.3107557407538823,90.24285714285715,90.49955834723721,0.3093032565183307
2,0.6088598589412868,0.3149099855994409,0.3075179002663015,90.24285714285715,90.49955834723721,0.630987367287938
3,0.4535770690999925,0.31390510323358656,0.3055908579987727,90.24285714285715,90.49955834723721,0.48168134808501534
4,0.4402319979853928,0.31319283889344085,0.30393475041050366,90.24285714285715,90.49955834723721,0.5206678484109237
5,0.4312749491073191,0.31279541649321824,0.30281371270626384,90.24285714285715,90.49955834723721,0.4352934244193534
6,0.4301594002172351,0.31262713426454813,0.3022658115717405,90.24285714285715,90.49955834723721,0.24591352453055348
7,0.3946620346978307,0.3123550591336938,0.30123553072300346,90.24285714285715,90.49955834723721,0.5522221951054004
8,0.4597562146373093,0.3122627566318106,0.3008205687564468,90.24285714285715,90.49955834723721,0.26640071094986556
9,0.38530600210651755,0.3121553327212488,0.30026822397105485,90.24285714285715,90.49955834723721,0.4097699039799324
10,0.4092217371799052,0.31207989802813396,0.29980847201028415,90.24285714285715,90.49955834723721,0.4055592033088314
11,0.4251521839760244,0.3119832031440301,0.2990557836100864,90.24285714285715,90.49955834723721,0.8743365549978929
