,train_loss,test_loss,train_acc,test_acc
0,0.32723942727333416,0.31758633644081063,84.72418047232992,85.39280283831728
