,times,train_loss,test_loss,train_acc,test_acc,eta
0,0.1393666872754693,0.3315101030320661,0.33235364180023624,84.54900033782747,84.63853571647934,0.23783857362227293
1,0.13575964979827404,0.3315718968401696,0.331284340216863,84.83461810140966,84.90878938640132,0.37247411861120594
2,0.11777505092322826,0.3234937537233988,0.3245692790638602,84.90832591136636,84.94564215957251,0.24161818040157224
3,0.08503516297787428,0.32315724028056086,0.32412207104543117,84.90218359386996,84.98863706160556,0.2889175503010155
4,0.08091367781162262,0.32297274506814777,0.3242066647405408,84.90525475261816,84.98249493274369,0.2361388828613178
5,0.08364993613213301,0.3229164366109648,0.32419756882720174,84.89297011762538,84.9640685461581,0.25045333325991603
6,0.08913560956716537,0.322885980482668,0.3242318043629955,84.89911243512176,84.98249493274369,0.22446746273552937
7,0.08294473867863417,0.32286808990491533,0.3242494292239152,84.90218359386996,84.97635280388182,0.186471287846579
