,times,train_loss,test_loss,train_acc,test_acc,eta
0,0.6692019021138549,0.31974468263053096,0.31408834873964875,90.24285714285715,90.49955834723721,0.3097054730724509
1,0.9888195539824665,0.3196958223413373,0.31397414199620377,90.24285714285715,90.49955834723721,0.3097054730724509
2,0.8940632808953524,0.31967197429355193,0.3139463951246882,90.24285714285715,90.49955834723721,0.3097054730724509
3,0.7182672051712871,0.31201110639614327,0.29772005218078196,90.24285714285715,90.49955834723721,0.3097054730724509
4,0.7414863156154752,0.3118932902706462,0.2973494721144433,90.24285714285715,90.49955834723721,0.3097054730724509
