,times,train_loss,test_loss,train_acc,test_acc,eta
0,0.6120683485642076,0.3303034408125823,0.325773420600231,90.24285714285715,90.49955834723721,0.0861773876012753
1,0.6819569896906614,0.31971541142992266,0.31399629118878847,90.24285714285715,90.49955834723721,0.0861773876012753
2,0.8153594606555998,0.3197089177448231,0.31398875797936676,90.24285714285715,90.49955834723721,0.0861773876012753
3,0.6458723288960755,0.3197005145140832,0.31397590160858097,90.24285714285715,90.49955834723721,0.0861773876012753
4,0.7425340670160949,0.31607144685185534,0.3091487026385154,90.24285714285715,90.49955834723721,0.0861773876012753
5,0.6999505134299397,0.31201212669596695,0.29770415094932723,90.24285714285715,90.49955834723721,0.0861773876012753
6,0.711637516040355,0.31200304543992,0.2976920315822601,90.24285714285715,90.49955834723721,0.0861773876012753
7,0.6742667108774185,0.3120006155547329,0.2976520982086644,90.24285714285715,90.49955834723721,0.0861773876012753
8,0.711885514203459,0.3118944210979079,0.29736598737798725,90.24285714285715,90.49955834723721,0.0861773876012753
