,times,train_loss,test_loss,train_acc,test_acc,eta
0,0.7383518712595105,0.31971322555237436,0.31399378938686534,90.24285714285715,90.49955834723721,1.113023760882849
1,0.9306898880749941,0.3196301797901863,0.313900265619306,90.24285714285715,90.49955834723721,1.113023760882849
2,0.7189635410904884,0.31897919794012874,0.31313880443323844,90.24285714285715,90.49955834723721,1.113023760882849
3,0.7087587784044445,0.3120007893515399,0.297609882624606,90.24285714285715,90.49955834723721,1.113023760882849
4,0.6711373068392277,0.3118931289415128,0.2973076406456204,90.24285714285715,90.49955834723721,1.113023760882849
