,train_loss,test_loss,train_acc,test_acc
0,53.47672930590031,50.58372306225829,0.0,0.0
