,times,train_loss,test_loss,train_acc,test_acc,eta
0,14.548759010154754,0.49125959683096687,0.4885178658864331,0.0,0.0,0.2588539796289299
