,train_loss,test_loss,train_acc,test_acc
0,0.3599000835273408,0.2795236083788927,91.16915422885572,91.54228855721394
