,times,train_loss,test_loss,train_acc,test_acc,eta
0,0.6303307884372771,0.5387742214185217,0.5299199169995955,74.21284871850588,74.12287118232749,0.45551644055674956
1,0.49082053918391466,0.5366831540805616,0.5297922660132539,74.65582637169246,74.54540760565561,0.44673346648732404
2,0.4719276619143784,0.5345987073164503,0.5253543564378529,75.07449296377652,74.92233419102777,0.45246358670342135
3,0.5156958810985088,0.5341242230829583,0.5242367173043557,75.13322676626314,75.00666936309733,0.45451655757487147
4,0.6078343978151679,0.5338530066073844,0.5231429409100836,75.21734734052052,75.06776933469877,0.4615290632212189
5,0.4491209592670202,0.533725013858436,0.5225470564191746,75.25112465550366,75.10305241689113,0.4691743191140328
6,0.46356900688260794,0.5336603060143111,0.5221249271025885,75.27651142727443,75.1366143731229,0.45041136129249376
