,times,train_loss,test_loss,train_acc,test_acc,eta
0,5.5187085988000035,0.2690402293199365,0.26709164998210494,83.37177895374509,83.4961274850932,0.4526503446327827
1,5.48588805180043,0.26748081371349475,0.26511792551986746,83.35726015189671,83.47510025483001,0.4526503446327827
