,train_loss,test_loss,train_acc,test_acc
0,0.20812340257792927,0.20010622280004225,92.66535714285715,92.75428571428571
