,times,train_loss,test_loss,train_acc,test_acc,eta
0,0.11615937016904354,0.3302435518491423,0.3298955469236158,84.66877552900709,84.54026165468952,0.23783857362227293
1,0.10506806150078773,0.3237740090606423,0.3248920372325258,84.93596634010012,84.92721577298691,0.3418303868652655
2,0.09897167328745127,0.32312386467831977,0.3243195878865463,84.8776143238844,84.9640685461581,0.23669194425825987
3,0.10536598414182663,0.3229944598054384,0.3242428581318465,84.89911243512176,85.01934770591487,0.2898135916272148
4,0.1012305598706007,0.32293888860804315,0.32424418780312747,84.8837566413808,84.98863706160556,0.2356908154911313
5,0.09575777314603329,0.3229001345160892,0.32424433334925623,84.90525475261816,84.95792641729624,0.24956277970822302
6,0.09576121252030134,0.3228755668362619,0.3242527931750647,84.90218359386996,84.98863706160556,0.22441399788683394
7,0.09564890991896391,0.3228603322709584,0.32426398086812963,84.89297011762538,84.98863706160556,0.18633876668956456
