,times,train_loss,test_loss,train_acc,test_acc,eta
0,0.044962634798139334,0.1855376165419555,0.18470368351876232,88.29397394136808,87.93184200548654,4.454283632573255
1,0.04049979569390416,0.1480710611035554,0.14694429773192746,89.49511400651465,89.09828935923456,2.818474850064784
2,0.04243721393868327,0.13947986278944202,0.13330963465168844,90.30944625407166,89.63579186832304,2.4455079839832
3,0.040471790824085474,0.14756303449741737,0.13245264910951932,90.59446254071662,89.83874924727346,2.284114458825804
4,0.03641713922843337,0.1376565462304684,0.1272414801230018,90.59446254071662,89.9346521845797,2.2069735720849044
5,0.039358730893582106,0.13060646434378648,0.12377380321118221,90.79804560260587,89.89673706983072,2.3520257277461685
6,0.036439294926822186,0.1269318506313098,0.12191135411020317,90.79804560260587,89.93019158284453,2.430246382883284
7,0.0532492040656507,0.12142053851679252,0.11999242599767952,90.87947882736157,90.01048241407766,2.4234909568652907
8,0.04183396277949214,0.11746354914119997,0.119554374740221,90.94055374592834,90.08408234270803,2.5037495126873655
9,0.0362493060529232,0.11566837626335377,0.11841730472881354,90.89983713355049,90.12645805919219,3.14166773758752
10,0.035780603997409344,0.1147424984882432,0.11809172821094789,90.92019543973942,90.159912572206,2.4202606522793086
11,0.04644673690199852,0.11427871303306956,0.11788582364864661,90.87947882736157,90.16437317394116,2.3591747618239305
12,0.041070380713790655,0.11413933529893645,0.11922653770115821,90.71661237785017,90.10861565225149,2.1570540527951696
13,0.03481176123023033,0.11363114882363698,0.11859935323149112,90.79804560260587,90.14653076700047,2.223086856117649
14,0.037404590751975775,0.11355777582944518,0.1185851107934905,90.79804560260587,90.14653076700047,2.4619301890673935
15,0.03870926285162568,0.11350623748708763,0.11849375376339588,90.77768729641694,90.14653076700047,2.416907306395777
16,0.039778072852641344,0.11340342481272328,0.11832358797088968,90.79804560260587,90.14653076700047,2.5796752103988085
17,0.04143522633239627,0.11331405085466224,0.11806458613017458,90.83876221498372,90.14653076700047,2.136287229384871
18,0.03894977690652013,0.11326293319975286,0.11800563246733713,90.81840390879479,90.15322166960323,2.2173536269450755
19,0.04972919821739197,0.11323529806260318,0.11782093995290054,90.85912052117264,90.13314896179494,2.56289169306059
20,0.041119652800261974,0.11317369031857609,0.11785410724693847,90.83876221498372,90.13760956353012,1.3645569071303487
