,times,train_loss,test_loss,train_acc,test_acc,eta
0,5.580391810275614,0.2684404647582656,0.26696272451761516,83.35713498981181,83.4761015515092,0.2727094755743581
