,times,train_loss,test_loss,train_acc,test_acc,eta
0,24.171658919658512,0.4912109745401011,0.4884567714522616,0.0,0.0,0.30884282641820365
