,train_loss,test_loss,train_acc,test_acc
0,0.09125554236982569,0.12400436592278988,99.00244299674267,97.99495952003925
