,train_loss,test_loss,train_acc,test_acc
0,0.06458312713269962,0.07203793489754136,99.471018376061,97.55912045360255
