,times,train_loss,test_loss,train_acc,test_acc,eta
0,0.2131422320380807,0.11175842513048279,0.11158995748925217,90.35357494623008,90.34847167413551,0.6666666666666666
1,0.19722669292241335,0.10752629689154686,0.10717774790666255,90.50232165470663,90.48893050632064,0.6666666666666666
2,0.1727908281609416,0.10633980171722189,0.1058305377160053,90.51438219863715,90.47555347468396,0.6666666666666666
3,0.20066164107993245,0.10493116690293788,0.10317876581949019,90.6490582725281,90.61601230686911,0.6666666666666666
4,0.17159728705883026,0.10429539077314066,0.10261834407393186,90.67317936038916,90.64945488596081,0.6666666666666666
5,0.18286901293322444,0.10403612952850265,0.10162397472519082,90.70333072021548,90.66952043341583,0.6666666666666666
6,0.1780205089598894,0.10389381196399099,0.10158350745440504,90.69529035759513,90.66283191759749,0.6666666666666666
7,0.32374059269204736,0.10376383175863922,0.10109500372363366,90.70333072021548,90.66952043341583,0.6666666666666666
8,0.336173702031374,0.10370162120571695,0.1010827338635325,90.7013206295604,90.68958598087085,0.6666666666666666
