,times,train_loss,test_loss,train_acc,test_acc,eta
0,0.17659314209595323,0.1195756563968898,0.11923908730473402,90.07819252648295,90.06755400976523,0.6666666666666666
1,0.16134767420589924,0.12287332562753804,0.1222614301871449,90.19477778447808,90.19463581031368,0.6666666666666666
2,0.2049505589529872,0.10770998826134741,0.10613528932533577,90.51237210798207,90.5290616012307,0.6666666666666666
3,0.22138080839067698,0.1055342011320095,0.10342362544921935,90.64503809121791,90.62270082268745,0.6666666666666666
4,0.1910608266480267,0.1048839574836708,0.10275323684234118,90.65106836318319,90.62938933850579,0.6666666666666666
5,0.16679310519248247,0.10463231889416175,0.10256968262042393,90.66312890711372,90.63607785432413,0.6666666666666666
6,0.21162804402410984,0.1042374304340553,0.10221814198360313,90.66513899776879,90.63607785432413,0.6666666666666666
7,0.20555157912895083,0.10400293124421178,0.10196907909614579,90.67719954169934,90.66283191759749,0.6666666666666666
8,0.18196481140330434,0.10394439187099283,0.10190140517987525,90.67719954169934,90.66952043341583,0.6666666666666666
9,0.2007468338124454,0.10384729764388213,0.10178180346634039,90.67920963235441,90.65614340177915,0.6666666666666666
10,0.2059262148104608,0.10378082650296355,0.10168798049988916,90.6812197230095,90.66283191759749,0.6666666666666666
11,0.21319051505997777,0.10372913894800698,0.10160582362175175,90.68724999497478,90.66283191759749,0.6666666666666666
12,0.2699560569599271,0.10368709994564866,0.10151897578813608,90.6832298136646,90.66283191759749,0.6666666666666666
