,times,train_loss,test_loss,train_acc,test_acc,eta
0,0.2330743852071464,0.11592395182404118,0.11643754749016351,90.1565860620314,90.06755400976523,0.6666666666666666
1,0.19106304366141558,0.11016891425435374,0.1103791110267908,90.33347403967919,90.30165206340713,0.6666666666666666
2,0.2030143798328936,0.1077706605442718,0.10776932616493098,90.48825102012101,90.46886495886562,0.6666666666666666
3,0.20954892970621586,0.10705951281275249,0.10697068847488515,90.51438219863715,90.48893050632064,0.6666666666666666
4,0.23158577783033252,0.10562576268812389,0.10518465342872145,90.58071519025508,90.56250418032239,0.6666666666666666
5,0.17106268601492047,0.10537356788025379,0.10483943484245058,90.58272528091017,90.56250418032239,0.6666666666666666
6,0.19068860029801726,0.10461505571295074,0.10362759196960378,90.62694727532212,90.60263527523243,0.6666666666666666
7,0.17770312307402492,0.10437451114204498,0.10319669626197199,90.64302800056282,90.62270082268745,0.6666666666666666
8,0.18307388201355934,0.10421501224885758,0.1028956728925114,90.63699772859756,90.61601230686911,0.6666666666666666
9,0.19969531893730164,0.10410169392735183,0.10267878886325557,90.647048181873,90.62938933850579,0.6666666666666666
10,0.18815702106803656,0.10399011419746086,0.10244820095483051,90.66312890711372,90.64276637014247,0.6666666666666666
11,0.17519036307930946,0.10394071523080783,0.10234340727697934,90.66312890711372,90.65614340177915,0.6666666666666666
12,0.2000689059495926,0.10391510613775902,0.10228742354711289,90.66513899776879,90.65614340177915,0.6666666666666666
13,0.15840799873694777,0.10389225037863753,0.10223482235726697,90.66513899776879,90.65614340177915,0.6666666666666666
14,0.20197686413303018,0.10380073968939252,0.10200597230296751,90.67317936038916,90.64945488596081,0.6666666666666666
15,0.19027883978560567,0.10377619362626853,0.10193565220851354,90.67518945104425,90.64945488596081,0.6666666666666666
16,0.17226926796138287,0.1037645088236612,0.10190121156676124,90.67719954169934,90.65614340177915,0.6666666666666666
17,0.23018376203253865,0.10373908455280441,0.10182044189270924,90.67719954169934,90.65614340177915,0.6666666666666666
18,0.28981815185397863,0.1037217493026795,0.10176166425722592,90.67518945104425,90.65614340177915,0.6666666666666666
19,0.2076136781834066,0.10370461608856484,0.10170016197493341,90.67719954169934,90.65614340177915,0.6666666666666666
