,times,train_loss,test_loss,train_acc,test_acc,eta
0,0.01780755491927266,0.17544838538748114,0.17762641899147988,88.00895765472313,87.47240002676361,400.0
1,0.018312021158635616,0.12798627329663956,0.13105109360169492,90.18729641693811,89.6067979570444,400.0
2,0.020176718942821026,0.11612411552378697,0.1206894903480477,90.67589576547232,90.04839752882664,400.0
3,0.01604142878204584,0.11434273929650664,0.11926237236487615,90.71661237785017,90.12199745745701,400.0
4,0.017190787009894848,0.11384353006351412,0.11896582514760824,90.81840390879479,90.14430046613288,400.0
5,0.020270877983421087,0.11367554573175603,0.1187970218523758,90.75732899022802,90.05731873229699,400.0
6,0.018533474765717983,0.11332419557126995,0.1182978936495035,90.79804560260587,90.1242277583246,400.0
7,0.017533200792968273,0.1132254469620122,0.11812248947413548,90.77768729641694,90.15099136873565,400.0
8,0.01947112986817956,0.11318192922710127,0.11808702635992632,90.81840390879479,90.16214287307358,400.0
