,times,train_loss,test_loss,train_acc,test_acc,eta
0,15.719681822694838,0.49093706013807786,0.48820260164009804,0.0,0.0,4.111013600127248
