,train_loss,test_loss,train_acc,test_acc
0,0.09728655867282088,0.09770282563134346,98.60097690405837,98.55528058323858
