,train_loss,test_loss,train_acc,test_acc
0,0.07883779188073137,0.11114403910432642,99.56032012646972,96.12385019759402
