,train_loss,test_loss,train_acc,test_acc
0,0.3242381341731738,0.32452940814512865,79.05290886442997,79.18810748999428
