,times,train_loss,test_loss,train_acc,test_acc,eta
0,36.01114676101133,0.68935316200881,0.6895981774926381,54.257822222222224,54.1142,0.006672402148800233
1,37.75201729312539,0.6886268994040124,0.6888733043275885,54.257822222222224,54.1142,0.006672402148800233
2,37.90852860407904,0.495731043348251,0.4941825551612489,76.50637777777777,76.4402,0.006672402148800233
3,37.85923852631822,0.48355277529310936,0.48113210038458093,77.34646666666667,77.3126,0.006672402148800233
4,36.84068578900769,0.4758530053616678,0.4726720510457463,78.03088888888888,78.03620000000001,0.006672402148800233
5,38.08163845585659,0.4717550822282322,0.4681462000934358,78.2602,78.2526,0.006672402148800233
6,38.8479768820107,0.4632079336416372,0.45848202622610434,78.86617777777778,78.8574,0.006672402148800233
7,39.0596369500272,0.4605491612212048,0.4549120008631539,79.09284444444444,79.0764,0.006672402148800233
8,38.968536200001836,0.4591877442423535,0.45240126175156276,79.20062222222222,79.20400000000001,0.006672402148800233
