,times,train_loss,test_loss,train_acc,test_acc,eta
0,35.977216669823974,0.6889438423403811,0.6891880711069215,54.257822222222224,54.1142,0.023979370012757645
1,37.06948885368183,0.6821018404627534,0.6823427709274781,54.257822222222224,54.1142,0.023979370012757645
2,36.902108408976346,0.4916906244832223,0.48957101108943546,76.63768888888889,76.5918,0.023979370012757645
3,37.736801175866276,0.4669917423200205,0.46298636104172786,78.58282222222222,78.5666,0.023979370012757645
4,38.06932676397264,0.4591597180197333,0.45233592202037753,79.20562222222222,79.2098,0.023979370012757645
