,times,train_loss,test_loss,train_acc,test_acc,eta
0,36.13198354328051,0.6874813171699484,0.6877228220407536,54.257822222222224,54.1142,0.0861773876012753
1,36.9541529356502,0.5642676567504271,0.5641059414101242,75.72248888888889,75.7128,0.0861773876012753
2,37.75109223974869,0.468905900949833,0.4651384788794885,78.43984444444445,78.4228,0.0861773876012753
3,37.36257847212255,0.46258091146481733,0.4577861303158767,78.91720000000001,78.9118,0.0861773876012753
4,38.26267286995426,0.45964500497630584,0.45355120462404835,79.15042222222222,79.1248,0.0861773876012753
5,39.03405197430402,0.45917109574750636,0.4521104573812194,79.21202222222223,79.2234,0.0861773876012753
