,times,train_loss,test_loss,train_acc,test_acc,eta
0,36.038985684048384,0.6823331146822295,0.6825644484595126,54.257822222222224,54.1142,0.3097054730724509
1,37.75315019488335,0.4878128970500059,0.48554670730937477,76.96195555555556,76.9046,0.3097054730724509
2,37.692570723127574,0.4634172599919383,0.4588901587179406,78.85017777777777,78.836,0.3097054730724509
3,38.3240289571695,0.4592014046095354,0.45235356167714835,79.2050888888889,79.2106,0.3097054730724509
