,times,train_loss,test_loss,train_acc,test_acc,eta
0,2.073721880093217,0.16396233747140382,0.1691889935403131,90.5275,90.125,0.1581310087444631
1,2.052424483001232,0.14610436002190133,0.15212181066991884,90.404375,89.95,0.1581310087444631
2,2.0499779898673296,0.14507258719137706,0.15131858986228167,90.401875,89.9675,0.1581310087444631
