,times,train_loss,test_loss,train_acc,test_acc,eta
0,0.031208196189254522,0.1701639674109452,0.16947850072743623,89.33224755700326,89.1094408635725,7.1122134220599085
1,0.036322013940662146,0.16822564599922513,0.16068150882861298,89.7801302931596,89.52873742667886,2.4436842987664145
2,0.04070105776190758,0.14399775683386198,0.13739129836190694,90.12622149837134,89.44398599371056,2.6490260256748774
3,0.05632369127124548,0.13204951717202607,0.126028287757098,90.5130293159609,89.87666436202244,2.2587167827959944
4,0.06381749827414751,0.12609611572667637,0.1224530918683736,90.59446254071662,89.95918549412316,2.3913760090675926
5,0.06632811482995749,0.12285969958642035,0.1208379896519216,90.69625407166124,90.0015612106073,2.41152629876008
6,0.06693891901522875,0.1174788169942681,0.1187132421713562,90.83876221498372,90.11753685572184,1.822474543584911
7,0.05881852516904473,0.11609166101753884,0.11754849998761858,90.79804560260587,90.12868836005977,2.3540253859906004
8,0.06387916021049023,0.11455742406742003,0.11778117189075024,90.89983713355049,90.15545197047082,2.428467668645225
9,0.067167101893574,0.11400674926174607,0.11763551890332813,90.87947882736157,90.14430046613288,2.1169824566661997
10,0.06709354463964701,0.11538721215323773,0.12013920379789533,90.87947882736157,90.09969444878114,2.1302451441673154
11,0.054767646826803684,0.11433504588658985,0.1189203564563155,90.85912052117264,90.11307625398666,2.236545935113185
12,0.07630369300022721,0.11386020741171501,0.11849534048236303,90.81840390879479,90.10415505051631,2.219109778170285
13,0.07299154112115502,0.11358347569930267,0.1182272958027858,90.81840390879479,90.13760956353012,2.678735062613475
14,0.060469397343695164,0.11343959863625033,0.11809738967794176,90.81840390879479,90.13760956353012,2.16567897937665
15,0.06622081901878119,0.11331975512583813,0.11802385816187366,90.83876221498372,90.13983986439771,2.4328544299747072
16,0.04482901794835925,0.11327606112475976,0.11799884602678347,90.81840390879479,90.13314896179494,2.726756612091541
17,0.03432290628552437,0.11322504939813535,0.11797919190032849,90.83876221498372,90.14653076700047,2.1146783417076986
18,0.05090676015242934,0.11316248639651835,0.11799008706436291,90.85912052117264,90.1576822713384,2.2921283493767683
