,times,train_loss,test_loss,train_acc,test_acc,eta
0,20.920554088428617,0.26724282871206034,0.2656356806765234,83.35000075097251,83.4693427989246,0.2727094755743581
