,times,train_loss,test_loss,train_acc,test_acc,eta
0,0.3866740227676928,0.3316609488228272,0.32935687429491445,78.93651344673378,79.14726782651312,0.27825594022071226
1,0.3779885289259255,0.331039366680126,0.3288070447137625,78.93651344673378,79.14726782651312,0.27825594022071226
2,0.3914197329431772,0.3281376540016111,0.32677555132874925,78.93651344673378,79.14726782651312,0.27825594022071226
3,0.3726663561537862,0.3274131526429151,0.3264163714134144,78.93651344673378,79.14726782651312,0.27825594022071226
4,0.3542350698262453,0.3268947759948878,0.32605963725333426,78.93651344673378,79.14726782651312,0.27825594022071226
5,0.44051273074001074,0.3258330356410136,0.32535129510515837,78.95897572032428,79.14726782651312,0.27825594022071226
6,0.5088867167942226,0.3256249228124156,0.3251550028832559,78.97326989442732,79.13909989381688,0.27825594022071226
7,0.5391393550671637,0.3254413534507537,0.32487842484041096,78.98552204365849,79.13909989381688,0.27825594022071226
8,0.5422211368568242,0.32508443595937925,0.3243451287608993,79.0018582426334,79.13093196112064,0.27825594022071226
