,train_loss,test_loss,train_acc,test_acc
0,0.6446446737022073,0.6712020106972136,65.85,57.833333333333336
