,times,train_loss,test_loss,train_acc,test_acc,eta
0,0.3235815092921257,0.6725857151730391,0.6726515692365438,78.67132262692965,78.90333287235514,0.0861773876012753
1,0.6179282059893012,0.16257354053737397,0.16301348324909928,95.27028195066296,95.1873876365648,0.0861773876012753
2,0.7833738820627332,0.08679035694405808,0.08939166680059314,97.92729095718015,96.96445858110911,0.0861773876012753
3,0.8327103820629418,0.07041819168478461,0.07495256744168766,98.85041575189724,97.38625363020329,0.0861773876012753
4,0.9293925641104579,0.06660049624184548,0.07305895024549997,99.15985271492039,97.38625363020329,0.0861773876012753
5,0.9388750647194684,0.06539623493218653,0.07250021252280457,99.27913288502428,97.36550961139538,0.0861773876012753
6,1.002332201693207,0.06489052376295715,0.07222702496000598,99.3448234134873,97.46231503249896,0.0861773876012753
7,1.1421091863885522,0.06470032227481717,0.07217425866941417,99.37075388524902,97.4761443783709,0.0861773876012753
8,0.9727534828707576,0.06463119351962972,0.07212265809250627,99.38285477207116,97.46922970543493,0.0861773876012753
