,times,train_loss,test_loss,train_acc,test_acc,eta
0,0.41569024277850986,0.6268527242786999,0.6270248037697383,80.12688644182066,80.52828101230811,0.3097054730724509
1,0.6875053052790463,0.11693501771303996,0.11884398210137599,96.86932770930213,96.23150324989628,0.3097054730724509
2,0.8569435370154679,0.07273937162488728,0.07929646714414829,98.6965616194444,97.11658138570046,0.3097054730724509
3,0.889201438985765,0.0667734942638813,0.07417657373892919,99.13565094127613,97.36550961139538,0.3097054730724509
4,0.9503777450881898,0.06497241264453371,0.07253760920465166,99.33099382854772,97.45540035956299,0.3097054730724509
5,0.997763616964221,0.06467299074643852,0.07202846302105559,99.37593997960136,97.51071774305075,0.3097054730724509
